ride_id,rideable_type,started_at,ended_at,start_station_name,start_station_id,end_station_name,end_station_id,start_lat,start_lng,end_lat,end_lng,member_casual
BCC66FC6FAB27CC7,electric_bike,11/10/2022 6:21,11/10/2022 6:31,Canal St & Adams St,13011,St. Clair St & Erie St,13016,41.87940121,-87.63984788,41.89434514,-87.62279838,member
772AB67E902C180F,classic_bike,11/4/2022 7:31,11/4/2022 7:46,Canal St & Adams St,13011,St. Clair St & Erie St,13016,41.879255,-87.639904,41.89434514,-87.62279838,member
585EAD07FDEC0152,classic_bike,11/21/2022 17:20,11/21/2022 17:34,Indiana Ave & Roosevelt Rd,SL-005,St. Clair St & Erie St,13016,41.867888,-87.623041,41.89434514,-87.62279838,member
91C4E7ED3C262FF9,classic_bike,11/25/2022 17:29,11/25/2022 17:45,Indiana Ave & Roosevelt Rd,SL-005,St. Clair St & Erie St,13016,41.867888,-87.623041,41.89434514,-87.62279838,member
709206A3104CABC8,classic_bike,11/29/2022 17:24,11/29/2022 17:42,Indiana Ave & Roosevelt Rd,SL-005,St. Clair St & Erie St,13016,41.867888,-87.623041,41.89434514,-87.62279838,member
11DE62E16D1A6BD1,classic_bike,11/4/2022 14:40,11/4/2022 14:52,Streeter Dr & Grand Ave,13022,Desplaines St & Kinzie St,TA1306000003,41.892278,-87.612043,41.88871604,-87.64444785,member
0F05C92DE9981154,classic_bike,11/6/2022 14:26,11/6/2022 14:36,Halsted St & Clybourn Ave,331,Desplaines St & Kinzie St,TA1306000003,41.909668,-87.648128,41.88871604,-87.64444785,member
CBEB7068C91BB672,classic_bike,11/8/2022 20:25,11/8/2022 20:34,Halsted St & Clybourn Ave,331,Orleans St & Chestnut St (NEXT Apts),620,41.909668,-87.648128,41.898203,-87.637536,member
C79980F697C514FF,electric_bike,11/13/2022 21:56,11/13/2022 22:06,Franklin St & Adams St (Temp),TA1309000008,Desplaines St & Kinzie St,TA1306000003,41.879141,-87.6360515,41.88871604,-87.64444785,member
A65691E4D563258E,classic_bike,11/1/2022 20:17,11/1/2022 20:24,Halsted St & Clybourn Ave,331,Orleans St & Chestnut St (NEXT Apts),620,41.909668,-87.648128,41.898203,-87.637536,member
DE804DEF5E506AF6,classic_bike,11/7/2022 20:13,11/7/2022 20:21,Halsted St & Clybourn Ave,331,Orleans St & Chestnut St (NEXT Apts),620,41.909668,-87.648128,41.898203,-87.637536,member
53706BF327A91FF2,classic_bike,11/6/2022 0:52,11/6/2022 1:05,Streeter Dr & Grand Ave,13022,Orleans St & Chestnut St (NEXT Apts),620,41.892278,-87.612043,41.898203,-87.637536,casual
94D1BE7DE259ACD5,electric_bike,11/2/2022 17:53,11/2/2022 18:02,Halsted St & Clybourn Ave,331,Desplaines St & Kinzie St,TA1306000003,41.90964377,-87.64817572,41.88871604,-87.64444785,casual
5608C656DE64F4B2,classic_bike,11/15/2022 15:13,11/15/2022 15:18,Larrabee St & Division St,KA1504000079,Orleans St & Chestnut St (NEXT Apts),620,41.90348607,-87.64335349,41.898203,-87.637536,casual
1423D0A1B5F36926,electric_bike,11/30/2022 15:53,11/30/2022 16:00,Kedzie Ave & Bryn Mawr Ave,KA1504000167,Western Ave & Ardmore Ave,464,41.9822489,-87.70892,41.99,-87.69,casual
6E1AA92E7988B202,electric_bike,11/24/2022 22:04,11/24/2022 22:13,Larrabee St & Division St,KA1504000079,Desplaines St & Kinzie St,TA1306000003,41.90341163,-87.64318359,41.88871604,-87.64444785,casual
FB7DA0A2E2380E1C,classic_bike,11/10/2022 14:39,11/10/2022 14:45,Larrabee St & Division St,KA1504000079,Orleans St & Chestnut St (NEXT Apts),620,41.90348607,-87.64335349,41.898203,-87.637536,member
11AECEB7779D78EA,electric_bike,11/21/2022 16:17,11/21/2022 16:28,Franklin St & Adams St (Temp),TA1309000008,Desplaines St & Kinzie St,TA1306000003,41.87881667,-87.63552933,41.88871604,-87.64444785,member
9718191F824DF2D7,classic_bike,11/10/2022 6:33,11/10/2022 6:48,Streeter Dr & Grand Ave,13022,Desplaines St & Kinzie St,TA1306000003,41.892278,-87.612043,41.88871604,-87.64444785,member
0F50E772CD3143A9,electric_bike,11/7/2022 16:43,11/7/2022 16:47,Franklin St & Adams St (Temp),TA1309000008,Desplaines St & Kinzie St,TA1306000003,41.87932813,-87.63556743,41.88871604,-87.64444785,member
020723C6D6E3B608,classic_bike,11/3/2022 9:59,11/3/2022 10:04,Larrabee St & Division St,KA1504000079,Orleans St & Chestnut St (NEXT Apts),620,41.90348607,-87.64335349,41.898203,-87.637536,member
35797C767C5559FC,electric_bike,11/17/2022 18:59,11/17/2022 19:03,Halsted St & Clybourn Ave,331,Orleans St & Chestnut St (NEXT Apts),620,41.90964007,-87.64818275,41.898203,-87.637536,member
B3631C491A27AE20,classic_bike,11/10/2022 18:59,11/10/2022 19:05,Halsted St & Clybourn Ave,331,Orleans St & Chestnut St (NEXT Apts),620,41.909668,-87.648128,41.898203,-87.637536,member
676C0FB9BF8A7426,classic_bike,11/28/2022 16:17,11/28/2022 16:21,Larrabee St & Division St,KA1504000079,Orleans St & Chestnut St (NEXT Apts),620,41.90348607,-87.64335349,41.898203,-87.637536,member
CFF71628B70CCF98,classic_bike,11/1/2022 18:58,11/1/2022 19:10,Stewart Ave & 63rd St,649,Ashland Ave & 66th St,16950,41.779835,-87.634774,41.774074,-87.663815,member
251484B924EFD209,classic_bike,11/23/2022 9:08,11/23/2022 9:14,Aberdeen St & Monroe St,13156,Desplaines St & Kinzie St,TA1306000003,41.880419,-87.655519,41.88871604,-87.64444785,member
21D60A02B25A98E7,electric_bike,11/21/2022 9:26,11/21/2022 9:35,Aberdeen St & Monroe St,13156,Desplaines St & Kinzie St,TA1306000003,41.88018767,-87.6555115,41.88871604,-87.64444785,member
25DAFF4290E4286A,classic_bike,11/30/2022 9:10,11/30/2022 9:16,Aberdeen St & Monroe St,13156,Desplaines St & Kinzie St,TA1306000003,41.880419,-87.655519,41.88871604,-87.64444785,member
C11CD8C620884365,electric_bike,11/15/2022 9:51,11/15/2022 9:56,Aberdeen St & Monroe St,13156,Desplaines St & Kinzie St,TA1306000003,41.88049078,-87.65571761,41.88871604,-87.64444785,member
30DA705BBB444D16,classic_bike,11/15/2022 21:09,11/15/2022 21:15,LaSalle St & Illinois St,13430,Orleans St & Chestnut St (NEXT Apts),620,41.890762,-87.631697,41.898203,-87.637536,member
6C9F8220BB2141D1,classic_bike,11/17/2022 15:42,11/17/2022 15:50,Halsted St & Clybourn Ave,331,Orleans St & Chestnut St (NEXT Apts),620,41.909668,-87.648128,41.898203,-87.637536,member
599CC5D089CB2F92,classic_bike,11/26/2022 19:17,11/26/2022 19:28,Larrabee St & Division St,KA1504000079,Desplaines St & Kinzie St,TA1306000003,41.90348607,-87.64335349,41.88871604,-87.64444785,member
9F8CC3EA5B6E683D,classic_bike,11/4/2022 18:02,11/4/2022 18:18,Streeter Dr & Grand Ave,13022,Desplaines St & Kinzie St,TA1306000003,41.892278,-87.612043,41.88871604,-87.64444785,member
C89C023B2631AE4C,classic_bike,11/13/2022 12:38,11/13/2022 12:48,Larrabee St & Division St,KA1504000079,Desplaines St & Kinzie St,TA1306000003,41.90348607,-87.64335349,41.88871604,-87.64444785,member
A23499E0DBC4C528,classic_bike,11/6/2022 16:22,11/6/2022 16:31,Franklin St & Adams St (Temp),TA1309000008,Desplaines St & Kinzie St,TA1306000003,41.87943409,-87.63550401,41.88871604,-87.64444785,member
EF61ED0FE52BBD31,electric_bike,11/28/2022 18:19,11/28/2022 18:27,Halsted St & Clybourn Ave,331,Desplaines St & Kinzie St,TA1306000003,41.9096421,-87.64816141,41.88871604,-87.64444785,casual
039CD9F0BE461170,classic_bike,11/3/2022 15:16,11/3/2022 15:20,Larrabee St & Division St,KA1504000079,Orleans St & Chestnut St (NEXT Apts),620,41.90348607,-87.64335349,41.898203,-87.637536,member
75AAF7250443ED5A,electric_bike,11/22/2022 22:01,11/22/2022 22:07,Franklin St & Adams St (Temp),TA1309000008,Desplaines St & Kinzie St,TA1306000003,41.87909401,-87.63556385,41.88871604,-87.64444785,member
4BEE94EDD4BB323C,electric_bike,11/30/2022 19:36,11/30/2022 19:44,Halsted St & Clybourn Ave,331,Desplaines St & Kinzie St,TA1306000003,41.9096655,-87.64812083,41.88871604,-87.64444785,member
5A1E2CA8436567D8,classic_bike,11/3/2022 16:19,11/3/2022 16:33,Streeter Dr & Grand Ave,13022,Desplaines St & Kinzie St,TA1306000003,41.892278,-87.612043,41.88871604,-87.64444785,member
297F6A8CF2241012,classic_bike,11/26/2022 11:25,11/26/2022 11:30,Larrabee St & Division St,KA1504000079,Orleans St & Chestnut St (NEXT Apts),620,41.90348607,-87.64335349,41.898203,-87.637536,member
43423E5D2D920B17,classic_bike,11/16/2022 18:18,11/16/2022 18:22,Larrabee St & Division St,KA1504000079,Orleans St & Chestnut St (NEXT Apts),620,41.90348607,-87.64335349,41.898203,-87.637536,member
0096173AAC26D899,classic_bike,11/3/2022 21:14,11/3/2022 21:20,Larrabee St & Division St,KA1504000079,Orleans St & Chestnut St (NEXT Apts),620,41.90348607,-87.64335349,41.898203,-87.637536,casual
9C4D66A3049B532D,classic_bike,11/9/2022 16:51,11/9/2022 17:05,Streeter Dr & Grand Ave,13022,Desplaines St & Kinzie St,TA1306000003,41.892278,-87.612043,41.88871604,-87.64444785,casual
C34D29D92DD99A86,classic_bike,11/15/2022 18:33,11/15/2022 18:38,Larrabee St & Division St,KA1504000079,Orleans St & Chestnut St (NEXT Apts),620,41.90348607,-87.64335349,41.898203,-87.637536,member
14BDF35198ED3787,electric_bike,11/11/2022 20:25,11/11/2022 20:29,Larrabee St & Division St,KA1504000079,Orleans St & Chestnut St (NEXT Apts),620,41.90353767,-87.6432785,41.898203,-87.637536,member
CF17E3AF08BDF319,electric_bike,11/22/2022 10:58,11/22/2022 11:07,Streeter Dr & Grand Ave,13022,Orleans St & Chestnut St (NEXT Apts),620,41.89224148,-87.61187995,41.898203,-87.637536,member
4942F57057087015,electric_bike,11/23/2022 15:01,11/23/2022 15:07,Franklin St & Adams St (Temp),TA1309000008,Desplaines St & Kinzie St,TA1306000003,41.8789,-87.63566333,41.88871604,-87.64444785,member
0348AB59A8DA3A0F,electric_bike,11/14/2022 14:41,11/14/2022 14:49,Halsted St & Clybourn Ave,331,Desplaines St & Kinzie St,TA1306000003,41.90960515,-87.64816999,41.88871604,-87.64444785,member
105E928620305339,electric_bike,11/23/2022 16:13,11/23/2022 16:20,LaSalle St & Illinois St,13430,Desplaines St & Kinzie St,TA1306000003,41.8906645,-87.6316645,41.88871604,-87.64444785,member
B925A15B5167F783,electric_bike,11/4/2022 18:52,11/4/2022 19:04,Halsted St & Clybourn Ave,331,Desplaines St & Kinzie St,TA1306000003,41.909607,-87.64811117,41.88871604,-87.64444785,member
D65115CF284D9369,classic_bike,11/22/2022 8:03,11/22/2022 8:09,LaSalle St & Illinois St,13430,Orleans St & Chestnut St (NEXT Apts),620,41.890762,-87.631697,41.898203,-87.637536,member
B32602D61A3F738A,electric_bike,11/1/2022 14:35,11/1/2022 14:43,Damen Ave & Wellington Ave,13268,Southport Ave & Clybourn Ave,TA1309000030,41.93588388,-87.67847729,41.920771,-87.663712,member
E2AF98269C3FC208,classic_bike,11/1/2022 15:52,11/1/2022 15:58,Broadway & Waveland Ave,13325,Clark St & Wellington Ave,TA1307000136,41.949074,-87.648636,41.93649682,-87.64753866,member
71DEAECF857F0C1C,classic_bike,11/21/2022 14:51,11/21/2022 14:57,Broadway & Waveland Ave,13325,Clark St & Wellington Ave,TA1307000136,41.949074,-87.648636,41.93649682,-87.64753866,member
56073DA770A5056E,electric_bike,11/23/2022 18:40,11/23/2022 19:00,State St & Van Buren St,TA1305000035,Aberdeen St & Jackson Blvd,13157,41.87706947,-87.62744951,41.87772613,-87.65478743,member
CA6433DB6F80089E,classic_bike,11/12/2022 16:21,11/12/2022 16:24,Sheridan Rd & Buena Ave,TA1309000027,Sheridan Rd & Montrose Ave,TA1307000107,41.958494,-87.654966,41.96167,-87.65464,member
F524C4BA2403CCB3,classic_bike,11/26/2022 15:30,11/26/2022 15:53,Streeter Dr & Grand Ave,13022,Stockton Dr & Wrightwood Ave,13276,41.892278,-87.612043,41.93132,-87.638742,member
00A3D0FEFFE312BF,electric_bike,11/19/2022 17:30,11/19/2022 17:38,Aberdeen St & Monroe St,13156,Desplaines St & Kinzie St,TA1306000003,41.88031717,-87.65556283,41.88871604,-87.64444785,member
8A5251963899FE34,electric_bike,11/8/2022 12:01,11/8/2022 12:07,LaSalle St & Illinois St,13430,Orleans St & Chestnut St (NEXT Apts),620,41.8909,-87.63157683,41.898203,-87.637536,casual
BA701D033F462C44,classic_bike,11/28/2022 23:31,11/28/2022 23:36,LaSalle St & Illinois St,13430,Orleans St & Chestnut St (NEXT Apts),620,41.890762,-87.631697,41.898203,-87.637536,casual
0AA1F2398C7F1BED,classic_bike,11/1/2022 17:25,11/1/2022 17:30,LaSalle St & Illinois St,13430,Orleans St & Chestnut St (NEXT Apts),620,41.890762,-87.631697,41.898203,-87.637536,casual
52CD24339273C6F6,electric_bike,11/7/2022 16:53,11/7/2022 17:01,Budlong Woods Library,15585,Hoyne Ave & Balmoral Ave,655,41.98368367,-87.69637017,41.979851,-87.681932,casual
DD8629C7B4EB2FF1,classic_bike,11/4/2022 14:16,11/4/2022 14:21,Halsted St & Clybourn Ave,331,Walsh Park,18067,41.909668,-87.648128,41.91461,-87.667968,member
44E37F1D3CD20417,electric_bike,11/3/2022 14:31,11/3/2022 14:36,Sheridan Rd & Greenleaf Ave,KA1504000159,Clark St & Jarvis Ave,517,42.01063283,-87.6624365,42.015963,-87.675005,member
CD2CF744F29C7E6A,electric_bike,11/8/2022 17:56,11/8/2022 18:08,Larrabee St & Division St,KA1504000079,Clark St & Wellington Ave,TA1307000136,41.90346133,-87.64329517,41.93649682,-87.64753866,member
1696AF8AA25BBA7D,docked_bike,11/3/2022 15:26,11/3/2022 15:53,Streeter Dr & Grand Ave,13022,Clark St & Armitage Ave,13146,41.892278,-87.612043,41.918306,-87.636282,casual
E9B71DB7361ED4AE,electric_bike,11/11/2022 8:31,11/11/2022 8:37,Halsted St & Clybourn Ave,331,Clark St & Armitage Ave,13146,41.90961111,-87.64811099,41.918306,-87.636282,member
672A46218851314E,electric_bike,11/29/2022 17:55,11/29/2022 18:03,Larrabee St & Division St,KA1504000079,Clark St & Armitage Ave,13146,41.90323222,-87.64332211,41.918306,-87.636282,member
81DE80B81D09DF01,classic_bike,11/2/2022 11:41,11/2/2022 12:01,Streeter Dr & Grand Ave,13022,Clark St & Armitage Ave,13146,41.892278,-87.612043,41.918306,-87.636282,casual
BB619BCA86F67EB5,electric_bike,11/3/2022 18:45,11/3/2022 18:56,Larrabee St & Division St,KA1504000079,Clark St & Armitage Ave,13146,41.90349967,-87.64332167,41.918306,-87.636282,member
79E8E52EAD29150F,electric_bike,11/25/2022 15:45,11/25/2022 16:08,Streeter Dr & Grand Ave,13022,Clark St & Armitage Ave,13146,41.89228467,-87.61214317,41.918306,-87.636282,casual
EF1BD020015B4BBD,electric_bike,11/25/2022 15:45,11/25/2022 16:08,Streeter Dr & Grand Ave,13022,Clark St & Armitage Ave,13146,41.89226717,-87.61221433,41.918306,-87.636282,casual
741C0F7184915295,electric_bike,11/25/2022 15:31,11/25/2022 16:09,Streeter Dr & Grand Ave,13022,Clark St & Armitage Ave,13146,41.89228952,-87.61206472,41.918306,-87.636282,casual
79968019FD4824AD,electric_bike,11/25/2022 15:37,11/25/2022 16:08,Streeter Dr & Grand Ave,13022,Clark St & Armitage Ave,13146,41.89231617,-87.61208533,41.918306,-87.636282,casual
75825FF3B77F3308,classic_bike,11/26/2022 15:16,11/26/2022 15:52,Streeter Dr & Grand Ave,13022,Halsted St & Roscoe St,TA1309000025,41.892278,-87.612043,41.94367,-87.64895,casual
F5A0B35D9CAFD712,electric_bike,11/6/2022 13:11,11/6/2022 13:44,Larrabee St & Division St,KA1504000079,Halsted St & Roscoe St,TA1309000025,41.90343667,-87.64332433,41.94367,-87.64895,casual
350FADFF807B9EE4,classic_bike,11/10/2022 12:33,11/10/2022 13:02,Streeter Dr & Grand Ave,13022,Rush St & Hubbard St,KA1503000044,41.892278,-87.612043,41.890173,-87.626185,casual
DE8E039609379AE5,electric_bike,11/25/2022 15:12,11/25/2022 15:19,Larrabee St & Division St,KA1504000079,Clark St & Armitage Ave,13146,41.90348733,-87.64332333,41.918306,-87.636282,casual
D390CCF525EEFA33,classic_bike,11/10/2022 12:32,11/10/2022 13:02,Streeter Dr & Grand Ave,13022,Rush St & Hubbard St,KA1503000044,41.892278,-87.612043,41.890173,-87.626185,casual
88F6647AD324D0ED,classic_bike,11/1/2022 18:15,11/1/2022 18:33,Streeter Dr & Grand Ave,13022,Rush St & Hubbard St,KA1503000044,41.892278,-87.612043,41.890173,-87.626185,casual
4BF1C03BB7FFA894,classic_bike,11/5/2022 16:04,11/5/2022 16:32,Streeter Dr & Grand Ave,13022,Clark St & Armitage Ave,13146,41.892278,-87.612043,41.918306,-87.636282,casual
74ECC176CDE77075,electric_bike,11/3/2022 17:33,11/3/2022 17:52,Streeter Dr & Grand Ave,13022,Halsted St & Roscoe St,TA1309000025,41.89220583,-87.61190176,41.94367,-87.64895,casual
B1EFF78BCA9A2FEB,electric_bike,11/25/2022 15:33,11/25/2022 16:08,Streeter Dr & Grand Ave,13022,Clark St & Armitage Ave,13146,41.8922416,-87.61195457,41.918306,-87.636282,casual
CF372B7E345BA231,electric_bike,11/25/2022 14:44,11/25/2022 14:51,Larrabee St & Division St,KA1504000079,Clark St & Armitage Ave,13146,41.90361249,-87.64327455,41.918306,-87.636282,casual
308E51BFB0564923,classic_bike,11/26/2022 15:15,11/26/2022 15:52,Streeter Dr & Grand Ave,13022,Halsted St & Roscoe St,TA1309000025,41.892278,-87.612043,41.94367,-87.64895,casual
E33E2F7EE70B6D03,classic_bike,11/26/2022 15:18,11/26/2022 15:52,Streeter Dr & Grand Ave,13022,Halsted St & Roscoe St,TA1309000025,41.892278,-87.612043,41.94367,-87.64895,casual
28145BFA5277FB7C,classic_bike,11/26/2022 12:10,11/26/2022 12:31,Streeter Dr & Grand Ave,13022,Rush St & Hubbard St,KA1503000044,41.892278,-87.612043,41.890173,-87.626185,casual
6F46467D5E6FA8B7,electric_bike,11/26/2022 12:49,11/26/2022 12:55,Halsted St & Clybourn Ave,331,Clark St & Armitage Ave,13146,41.909595,-87.6481495,41.918306,-87.636282,casual
C90702387D31E0D1,classic_bike,11/28/2022 8:52,11/28/2022 8:59,Streeter Dr & Grand Ave,13022,Rush St & Hubbard St,KA1503000044,41.892278,-87.612043,41.890173,-87.626185,casual
22DE46A52F02C24F,electric_bike,11/26/2022 19:27,11/26/2022 19:42,Streeter Dr & Grand Ave,13022,Clark St & Armitage Ave,13146,41.89229286,-87.6120733,41.918306,-87.636282,member
190CE8CF3020E882,electric_bike,11/1/2022 19:39,11/1/2022 19:52,Halsted St & Clybourn Ave,331,Clark St & Wellington Ave,TA1307000136,41.90954667,-87.648107,41.93649682,-87.64753866,casual
A2C577FDCC7A832B,classic_bike,11/28/2022 15:53,11/28/2022 16:03,Halsted St & Clybourn Ave,331,Clark St & Armitage Ave,13146,41.909668,-87.648128,41.918306,-87.636282,member
2897EB3637C7425B,classic_bike,11/9/2022 13:55,11/9/2022 14:50,Streeter Dr & Grand Ave,13022,Clark St & Armitage Ave,13146,41.892278,-87.612043,41.918306,-87.636282,casual
40E58B4EF171381B,classic_bike,11/13/2022 12:35,11/13/2022 12:54,Streeter Dr & Grand Ave,13022,Clark St & Armitage Ave,13146,41.892278,-87.612043,41.918306,-87.636282,member
2DC0FC01871C3A28,classic_bike,11/25/2022 13:39,11/25/2022 13:52,Halsted St & Clybourn Ave,331,Clark St & Wellington Ave,TA1307000136,41.909668,-87.648128,41.93649682,-87.64753866,member
9CE61EF14755D342,electric_bike,11/18/2022 9:58,11/18/2022 10:05,Franklin St & Adams St (Temp),TA1309000008,Green St & Madison Ave*,chargingstx07,41.87906333,-87.63501033,41.88182738,-87.6488319,member
849F72C79120E766,electric_bike,11/2/2022 16:37,11/2/2022 16:43,Halsted St & Clybourn Ave,331,Orleans St & Chestnut St (NEXT Apts),620,41.90967405,-87.64819324,41.898203,-87.637536,member
585E43FEFD7D8FC9,classic_bike,11/4/2022 9:09,11/4/2022 9:24,Franklin St & Adams St (Temp),TA1309000008,Rush St & Hubbard St,KA1503000044,41.87943409,-87.63550401,41.890173,-87.626185,member
2E7C84CD33ECE39F,classic_bike,11/28/2022 19:01,11/28/2022 19:12,Halsted St & Clybourn Ave,331,Clark St & Wellington Ave,TA1307000136,41.909668,-87.648128,41.93649682,-87.64753866,member
3AE6B02FBDB3D523,classic_bike,11/4/2022 15:07,11/4/2022 15:23,Streeter Dr & Grand Ave,13022,Clark St & Armitage Ave,13146,41.892278,-87.612043,41.918306,-87.636282,member
DE209C23552DB395,classic_bike,11/6/2022 23:52,11/7/2022 0:07,Kedzie Ave & Bryn Mawr Ave,KA1504000167,Monticello Ave & Irving Park Rd,KA1504000139,41.98222976,-87.70888656,41.95400484,-87.71912818,member
E36F6F1DCFACE474,docked_bike,11/4/2022 14:00,11/4/2022 14:20,Halsted St & Clybourn Ave,331,Rush St & Hubbard St,KA1503000044,41.909668,-87.648128,41.890173,-87.626185,casual
BA4FD08446F33E01,classic_bike,11/3/2022 20:51,11/3/2022 21:06,Halsted St & Clybourn Ave,331,Clark St & Wellington Ave,TA1307000136,41.909668,-87.648128,41.93649682,-87.64753866,member
457B63B9E4BD97F3,classic_bike,11/8/2022 12:43,11/8/2022 12:51,Halsted St & Clybourn Ave,331,Clark St & Armitage Ave,13146,41.909668,-87.648128,41.918306,-87.636282,member
52321FC6FF377E96,electric_bike,11/1/2022 9:57,11/1/2022 10:04,Halsted St & Clybourn Ave,331,Clark St & Armitage Ave,13146,41.9096756,-87.64818168,41.918306,-87.636282,member
277938B9B6B6BAA7,classic_bike,11/4/2022 14:33,11/4/2022 15:29,Streeter Dr & Grand Ave,13022,Clark St & Armitage Ave,13146,41.892278,-87.612043,41.918306,-87.636282,casual
AA0387EFAAB05E76,classic_bike,11/3/2022 18:16,11/3/2022 18:40,Streeter Dr & Grand Ave,13022,Halsted St & Roscoe St,TA1309000025,41.892278,-87.612043,41.94367,-87.64895,member
CDE82F1BEB096A19,classic_bike,11/14/2022 20:33,11/14/2022 20:52,Halsted St & Clybourn Ave,331,Halsted St & Roscoe St,TA1309000025,41.909668,-87.648128,41.94367,-87.64895,member
8D227076B70C1E2F,classic_bike,11/16/2022 8:15,11/16/2022 8:33,Larrabee St & Division St,KA1504000079,Clark St & Wellington Ave,TA1307000136,41.90348607,-87.64335349,41.93649682,-87.64753866,casual
A6BF0B627E50F090,electric_bike,11/21/2022 15:12,11/21/2022 15:24,Halsted St & Clybourn Ave,331,Halsted St & Roscoe St,TA1309000025,41.90965867,-87.64812933,41.94367,-87.64895,casual
23885D4F621E41F3,electric_bike,11/28/2022 20:20,11/28/2022 20:34,Halsted St & Clybourn Ave,331,Halsted St & Roscoe St,TA1309000025,41.90961123,-87.64814067,41.94367,-87.64895,casual
EE7F7287FF181A19,classic_bike,11/11/2022 13:10,11/11/2022 13:25,Halsted St & Clybourn Ave,331,Halsted St & Roscoe St,TA1309000025,41.909668,-87.648128,41.94367,-87.64895,casual
EE1D3617207F3067,classic_bike,11/10/2022 12:33,11/10/2022 13:02,Streeter Dr & Grand Ave,13022,Rush St & Hubbard St,KA1503000044,41.892278,-87.612043,41.890173,-87.626185,casual
4C1E2C1906663066,classic_bike,11/26/2022 15:16,11/26/2022 15:52,Streeter Dr & Grand Ave,13022,Halsted St & Roscoe St,TA1309000025,41.892278,-87.612043,41.94367,-87.64895,casual
BFB972792B0AFE27,electric_bike,11/1/2022 21:26,11/1/2022 21:38,Albany Ave & Montrose Ave,15621,Sheridan Rd & Montrose Ave,TA1307000107,41.9610495,-87.70587667,41.96167,-87.65464,casual
69DBA7CE9E5735D2,classic_bike,11/23/2022 13:35,11/23/2022 13:51,Larrabee St & Division St,KA1504000079,Rush St & Hubbard St,KA1503000044,41.90348607,-87.64335349,41.890173,-87.626185,casual
0FB09F8DA8779EBD,classic_bike,11/9/2022 14:03,11/9/2022 14:50,Streeter Dr & Grand Ave,13022,Clark St & Armitage Ave,13146,41.892278,-87.612043,41.918306,-87.636282,casual
931E6E89466C8280,classic_bike,11/10/2022 22:05,11/10/2022 22:16,Halsted St & Clybourn Ave,331,Clark St & Wellington Ave,TA1307000136,41.909668,-87.648128,41.93649682,-87.64753866,member
0AD67DD8CEF13278,classic_bike,11/3/2022 20:46,11/3/2022 21:09,Streeter Dr & Grand Ave,13022,Sheridan Rd & Montrose Ave,TA1307000107,41.892278,-87.612043,41.96167,-87.65464,member
5444D7EB76B1B063,electric_bike,11/18/2022 12:54,11/18/2022 13:09,LaSalle St & Illinois St,13430,Clark St & Armitage Ave,13146,41.89072683,-87.63173317,41.918306,-87.636282,casual
949A01684F17B8AC,electric_bike,11/2/2022 22:39,11/2/2022 22:48,Aberdeen St & Monroe St,13156,Rush St & Hubbard St,KA1503000044,41.880406,-87.65552583,41.890173,-87.626185,member
03F5AB531895F235,electric_bike,11/26/2022 15:36,11/26/2022 16:05,Franklin St & Adams St (Temp),TA1309000008,Halsted St & Roscoe St,TA1309000025,41.878822,-87.6358335,41.94367,-87.64895,member
1D2FB712BFA409BF,classic_bike,11/28/2022 15:53,11/28/2022 16:03,Halsted St & Clybourn Ave,331,Clark St & Armitage Ave,13146,41.909668,-87.648128,41.918306,-87.636282,member
E56F53B97F258535,electric_bike,11/5/2022 20:24,11/5/2022 20:28,Sheridan Rd & Greenleaf Ave,KA1504000159,Clark St & Jarvis Ave,517,42.01059127,-87.66243017,42.015963,-87.675005,member
E007198A5C79F8D2,electric_bike,11/21/2022 18:55,11/21/2022 18:57,Aberdeen St & Monroe St,13156,Aberdeen St & Jackson Blvd,13157,41.88027033,-87.65557917,41.87772613,-87.65478743,member
B6511276360C61CF,electric_bike,11/1/2022 15:02,11/1/2022 15:18,LaSalle St & Illinois St,13430,Rush St & Hubbard St,KA1503000044,41.89064598,-87.6316551,41.890173,-87.626185,casual
637974C65EB1650D,classic_bike,11/22/2022 16:24,11/22/2022 16:26,Aberdeen St & Monroe St,13156,Aberdeen St & Jackson Blvd,13157,41.880419,-87.655519,41.87772613,-87.65478743,member
16380F6D53A798B5,classic_bike,11/25/2022 15:57,11/25/2022 16:04,Ravenswood Ave & Berteau Ave,TA1309000018,Sheridan Rd & Montrose Ave,TA1307000107,41.957921,-87.673567,41.96167,-87.65464,member
F7E297C6DC8C2101,electric_bike,11/4/2022 16:16,11/4/2022 16:31,Milwaukee Ave & Rockwell St,13242,Manor Ave & Leland Ave,KA1504000127,41.92025518,-87.69273818,41.965875,-87.700825,member
DF9D239B9B630E29,classic_bike,11/13/2022 17:55,11/13/2022 18:06,Ravenswood Ave & Berteau Ave,TA1309000018,Sheridan Rd & Montrose Ave,TA1307000107,41.957921,-87.673567,41.96167,-87.65464,member
1D7798D9E906A6AB,classic_bike,11/6/2022 21:34,11/6/2022 21:53,Milwaukee Ave & Rockwell St,13242,Clark St & Armitage Ave,13146,41.92019556,-87.6926592,41.918306,-87.636282,member
4A8754E5E9F2BCAA,classic_bike,11/10/2022 10:00,11/10/2022 10:27,Troy St & North Ave,15653,Walsh Park,18067,41.9097693,-87.70528049,41.91461,-87.667968,casual
B9F99B115FC8CBCF,docked_bike,11/3/2022 15:27,11/3/2022 15:53,Streeter Dr & Grand Ave,13022,Clark St & Armitage Ave,13146,41.892278,-87.612043,41.918306,-87.636282,casual
293EE2D2FA26DB67,classic_bike,11/1/2022 20:16,11/1/2022 20:22,Streeter Dr & Grand Ave,13022,Rush St & Hubbard St,KA1503000044,41.892278,-87.612043,41.890173,-87.626185,member
EB09DED558DEA2C4,docked_bike,11/13/2022 17:21,11/13/2022 17:34,Streeter Dr & Grand Ave,13022,Rush St & Hubbard St,KA1503000044,41.892278,-87.612043,41.890173,-87.626185,casual
6757E3E4CEB1BE38,classic_bike,11/24/2022 0:33,11/24/2022 0:42,Halsted St & Clybourn Ave,331,Clark St & Armitage Ave,13146,41.909668,-87.648128,41.918306,-87.636282,member
EAA40B78F13540C3,electric_bike,11/7/2022 8:59,11/7/2022 9:07,Franklin St & Adams St (Temp),TA1309000008,State St & Kinzie St,13050,41.87907083,-87.63574467,41.88937547,-87.62707651,member
8A41DBEC1AC6EB11,electric_bike,11/29/2022 8:57,11/29/2022 9:05,Franklin St & Adams St (Temp),TA1309000008,State St & Kinzie St,13050,41.878622,-87.63543083,41.88937547,-87.62707651,member
E7DBA498AC5F8AEE,electric_bike,11/29/2022 11:18,11/29/2022 11:26,Halsted St & Clybourn Ave,331,Southport Ave & Clybourn Ave,TA1309000030,41.90963133,-87.64803667,41.920771,-87.663712,member
576D5389749D3331,classic_bike,11/7/2022 16:51,11/7/2022 17:02,Franklin St & Adams St (Temp),TA1309000008,Loomis St & Jackson Blvd,13206,41.87943409,-87.63550401,41.877945,-87.662007,member
B2DA429200D3FA8D,electric_bike,11/25/2022 17:02,11/25/2022 17:27,Streeter Dr & Grand Ave,13022,Rhodes Ave & 32nd St,13215,41.89219666,-87.61187184,41.836208,-87.613533,member
0F3CBB81888F177F,docked_bike,11/10/2022 12:21,11/10/2022 12:37,Streeter Dr & Grand Ave,13022,State St & Harrison St,SL-007,41.892278,-87.612043,41.874053,-87.627716,casual
690A968DA819AA0D,docked_bike,11/10/2022 12:21,11/10/2022 12:37,Streeter Dr & Grand Ave,13022,State St & Harrison St,SL-007,41.892278,-87.612043,41.874053,-87.627716,casual
012DEF238F40F78D,classic_bike,11/4/2022 17:49,11/4/2022 18:11,Franklin St & Adams St (Temp),TA1309000008,Southport Ave & Clybourn Ave,TA1309000030,41.87943409,-87.63550401,41.920771,-87.663712,member
0B75A78E39BB528F,classic_bike,11/27/2022 20:35,11/27/2022 20:52,Halsted St & Clybourn Ave,331,State St & Kinzie St,13050,41.909668,-87.648128,41.88937547,-87.62707651,member
18AB5693E65B42C9,electric_bike,11/11/2022 11:35,11/11/2022 11:42,Halsted St & Clybourn Ave,331,Southport Ave & Clybourn Ave,TA1309000030,41.9096905,-87.64812917,41.920771,-87.663712,casual
4547AAC583683C97,classic_bike,11/23/2022 18:35,11/23/2022 18:56,Franklin St & Adams St (Temp),TA1309000008,State St & Kinzie St,13050,41.87943409,-87.63550401,41.88937547,-87.62707651,casual
F2DACDC15B0B0F56,electric_bike,11/4/2022 10:41,11/4/2022 10:55,Halsted St & Clybourn Ave,331,Racine Ave & Washington Blvd,654,41.90965117,-87.64810867,41.883073,-87.656952,member
7F8CA9B17D7E2B5F,classic_bike,11/3/2022 11:52,11/3/2022 11:52,Desplaines St & Kinzie St,TA1306000003,Desplaines St & Kinzie St,TA1306000003,41.88871604,-87.64444785,41.88871604,-87.64444785,member
9CFDA7E42203F05A,electric_bike,11/6/2022 21:32,11/6/2022 21:38,Desplaines St & Kinzie St,TA1306000003,Orleans St & Chestnut St (NEXT Apts),620,41.88857412,-87.64440346,41.898203,-87.637536,member
9320FCC9994902BC,electric_bike,11/8/2022 5:17,11/8/2022 5:17,Hoyne Ave & Balmoral Ave,655,Hoyne Ave & Balmoral Ave,655,41.97991264,-87.6820153,41.979851,-87.681932,member
E7372C2C8A9BFCA7,electric_bike,11/8/2022 5:16,11/8/2022 5:16,Hoyne Ave & Balmoral Ave,655,Hoyne Ave & Balmoral Ave,655,41.97983265,-87.68201017,41.979851,-87.681932,member
63C046A899EC0665,classic_bike,11/16/2022 17:29,11/16/2022 17:38,Franklin St & Adams St (Temp),TA1309000008,State St & Kinzie St,13050,41.87943409,-87.63550401,41.88937547,-87.62707651,member
C7546D0BB5C707E3,classic_bike,11/14/2022 16:54,11/14/2022 17:02,Franklin St & Adams St (Temp),TA1309000008,State St & Kinzie St,13050,41.87943409,-87.63550401,41.88937547,-87.62707651,member
F11A08EBA3EAF096,classic_bike,11/3/2022 17:24,11/3/2022 17:39,Halsted St & Clybourn Ave,331,State St & Kinzie St,13050,41.909668,-87.648128,41.88937547,-87.62707651,member
B942E679BB3FF97C,electric_bike,11/17/2022 9:00,11/17/2022 9:07,Franklin St & Adams St (Temp),TA1309000008,State St & Kinzie St,13050,41.8793,-87.6355859,41.88937547,-87.62707651,member
C1D646B36E719743,electric_bike,11/28/2022 8:56,11/28/2022 9:02,Franklin St & Adams St (Temp),TA1309000008,State St & Kinzie St,13050,41.87969124,-87.63622439,41.88937547,-87.62707651,member
789560A64DEA7F23,classic_bike,11/11/2022 16:42,11/11/2022 16:55,Streeter Dr & Grand Ave,13022,State St & Kinzie St,13050,41.892278,-87.612043,41.88937547,-87.62707651,member
84613346F2F179B2,electric_bike,11/4/2022 16:45,11/4/2022 16:59,Streeter Dr & Grand Ave,13022,State St & Harrison St,SL-007,41.8922466,-87.61213982,41.874053,-87.627716,member
00A3E3268DD943BB,electric_bike,11/2/2022 6:42,11/2/2022 6:47,Franklin St & Adams St (Temp),TA1309000008,State St & Kinzie St,13050,41.87937427,-87.63539982,41.88937547,-87.62707651,member
E144E31DAF3BAA80,electric_bike,11/13/2022 13:56,11/13/2022 14:03,Streeter Dr & Grand Ave,13022,State St & Kinzie St,13050,41.89233971,-87.61223471,41.88937547,-87.62707651,member
41D7B54DD70AC715,classic_bike,11/29/2022 12:23,11/29/2022 12:31,Franklin St & Adams St (Temp),TA1309000008,State St & Kinzie St,13050,41.87943409,-87.63550401,41.88937547,-87.62707651,member
125F3A090052B710,electric_bike,11/10/2022 7:45,11/10/2022 7:54,Halsted St & Clybourn Ave,331,State St & Kinzie St,13050,41.90952467,-87.6480335,41.88937547,-87.62707651,member
236FC0A5B65034C7,classic_bike,11/3/2022 17:51,11/3/2022 18:00,Franklin St & Adams St (Temp),TA1309000008,Racine Ave & Washington Blvd,654,41.87943409,-87.63550401,41.883073,-87.656952,casual
1963620382498A78,classic_bike,11/11/2022 23:31,11/11/2022 23:38,Halsted St & Clybourn Ave,331,Southport Ave & Clybourn Ave,TA1309000030,41.909668,-87.648128,41.920771,-87.663712,casual
ECED67DA34CF651F,electric_bike,11/18/2022 7:28,11/18/2022 7:36,Franklin St & Adams St (Temp),TA1309000008,Racine Ave & Washington Blvd,654,41.8792187,-87.63556814,41.883073,-87.656952,member
F399EF8351C7C169,classic_bike,11/3/2022 16:12,11/3/2022 16:42,Streeter Dr & Grand Ave,13022,Clarendon Ave & Gordon Ter,13379,41.892278,-87.612043,41.95786652,-87.64950514,member
F0B50150C334218F,classic_bike,11/11/2022 16:53,11/11/2022 17:05,Damen Ave & Wellington Ave,13268,Oakley Ave & Irving Park Rd,KA1504000158,41.93588,-87.67842,41.95434085,-87.68607962,member
1A5C359E0FF5867D,electric_bike,11/12/2022 10:52,11/12/2022 11:03,Troy St & North Ave,15653,Southport Ave & Clybourn Ave,TA1309000030,41.90978849,-87.70534039,41.920771,-87.663712,member
1571D6BFB9D92F0F,electric_bike,11/2/2022 20:19,11/2/2022 20:32,Halsted St & Clybourn Ave,331,State St & Kinzie St,13050,41.90959656,-87.6481446,41.88937547,-87.62707651,member
5A1F123CD0E4E2EC,classic_bike,11/10/2022 19:18,11/10/2022 19:23,LaSalle St & Illinois St,13430,Desplaines St & Kinzie St,TA1306000003,41.890762,-87.631697,41.88871604,-87.64444785,member
A9C6B9589A73859D,electric_bike,11/1/2022 8:33,11/1/2022 8:39,Franklin St & Adams St (Temp),TA1309000008,State St & Kinzie St,13050,41.87907028,-87.63568509,41.88937547,-87.62707651,member
7F574914A8B77E3C,classic_bike,11/6/2022 17:17,11/6/2022 17:34,Streeter Dr & Grand Ave,13022,State St & Harrison St,SL-007,41.892278,-87.612043,41.874053,-87.627716,casual
496612F146AEA130,electric_bike,11/22/2022 7:29,11/22/2022 7:36,Franklin St & Adams St (Temp),TA1309000008,Racine Ave & Washington Blvd,654,41.87912965,-87.63559926,41.883073,-87.656952,member
866B02C91E1E60AF,classic_bike,11/17/2022 18:02,11/17/2022 18:14,Aberdeen St & Monroe St,13156,State St & Kinzie St,13050,41.880419,-87.655519,41.88937547,-87.62707651,member
436649BEEC2CDD19,classic_bike,11/3/2022 8:11,11/3/2022 8:19,Franklin St & Adams St (Temp),TA1309000008,State St & Kinzie St,13050,41.87943409,-87.63550401,41.88937547,-87.62707651,member
3FF4080C57C79E48,classic_bike,11/6/2022 15:12,11/6/2022 16:02,Streeter Dr & Grand Ave,13022,Lakefront Trail & Wilson Ave,639,41.892278,-87.612043,41.965845,-87.645361,member
51E725DC13884A8A,classic_bike,11/9/2022 8:28,11/9/2022 8:35,Desplaines St & Kinzie St,TA1306000003,State St & Kinzie St,13050,41.88871604,-87.64444785,41.88937547,-87.62707651,member
4CBA8C52FEBED0B2,electric_bike,11/14/2022 17:52,11/14/2022 18:04,Broadway & Waveland Ave,13325,Clarendon Ave & Gordon Ter,13379,41.9490215,-87.64844883,41.95786652,-87.64950514,member
71B6BB740DE544B5,classic_bike,11/15/2022 19:13,11/15/2022 19:17,Broadway & Waveland Ave,13325,Clarendon Ave & Gordon Ter,13379,41.949074,-87.648636,41.95786652,-87.64950514,member
5C6C1D1D47A998A4,classic_bike,11/26/2022 12:38,11/26/2022 13:22,Canal St & Adams St,13011,State St & Kinzie St,13050,41.879255,-87.639904,41.88937547,-87.62707651,casual
43AE1BA84D3DED77,electric_bike,11/4/2022 20:18,11/4/2022 20:27,State St & Van Buren St,TA1305000035,Loomis St & Jackson Blvd,13206,41.87705743,-87.62783194,41.877945,-87.662007,member
9F39449732F67DE2,electric_bike,11/16/2022 8:56,11/16/2022 9:04,Franklin St & Adams St (Temp),TA1309000008,State St & Kinzie St,13050,41.879708,-87.63520817,41.88937547,-87.62707651,member
76BED608D824C49E,electric_bike,11/15/2022 9:01,11/15/2022 9:09,Franklin St & Adams St (Temp),TA1309000008,State St & Kinzie St,13050,41.87912033,-87.63579117,41.88937547,-87.62707651,member
6E2AD8D07257896C,electric_bike,11/22/2022 21:29,11/22/2022 21:36,,,Southport Ave & Clybourn Ave,TA1309000030,41.93,-87.69,41.920771,-87.663712,member
C3FD26A31CC2C211,electric_bike,11/1/2022 13:38,11/1/2022 13:46,,,State St & Kinzie St,13050,41.9,-87.64,41.88937547,-87.62707651,member
AFA3E051224EFF7A,electric_bike,11/21/2022 20:13,11/21/2022 20:15,,,Southport Ave & Clybourn Ave,TA1309000030,41.92,-87.66,41.920771,-87.663712,member
5A30C23385E249F1,electric_bike,11/9/2022 21:36,11/9/2022 21:40,,,Racine Ave & Washington Blvd,654,41.88,-87.67,41.883073,-87.656952,member
2B096F11BFFAEEF4,electric_bike,11/25/2022 10:47,11/25/2022 10:48,,,Ashland Ave & Lake St,13073,41.89,-87.67,41.88592,-87.66717,member
14EFB2132DD94D0A,electric_bike,11/3/2022 11:51,11/3/2022 12:00,,,Rhodes Ave & 32nd St,13215,41.85,-87.62,41.836208,-87.613533,member
31649AAF85934A5B,electric_bike,11/19/2022 20:51,11/19/2022 21:16,,,Rhodes Ave & 32nd St,13215,41.88,-87.63,41.836208,-87.613533,member
90A2377EAD61C5F6,electric_bike,11/17/2022 7:02,11/17/2022 7:06,,,State St & Kinzie St,13050,41.89,-87.62,41.88937547,-87.62707651,member
5BF01CC95A5457F2,electric_bike,11/24/2022 12:55,11/24/2022 12:59,,,State St & Harrison St,SL-007,41.88,-87.63,41.874053,-87.627716,member
6D24D2D40D4421A2,electric_bike,11/27/2022 15:23,11/27/2022 15:28,,,Clarendon Ave & Gordon Ter,13379,41.95,-87.66,41.95786652,-87.64950514,member
013A82D84E171DAA,electric_bike,11/1/2022 13:56,11/1/2022 14:11,,,Racine Ave & Washington Blvd,654,41.89,-87.62,41.883073,-87.656952,member
A75EDCC048BDBD7C,electric_bike,11/2/2022 7:17,11/2/2022 7:28,Morgan Ave & 14th Pl,TA1306000002,Ashland Ave & Lake St,13073,41.86243451,-87.65119994,41.88592,-87.66717,member
0C0B3E5D7ED774E9,electric_bike,11/16/2022 20:48,11/16/2022 20:56,,,Racine Ave & Washington Blvd,654,41.88,-87.64,41.883073,-87.656952,member
7959AA8156C78BFF,electric_bike,11/18/2022 16:45,11/18/2022 16:57,,,Southport Ave & Clybourn Ave,TA1309000030,41.91,-87.68,41.920771,-87.663712,member
D6BA772F42853BB3,electric_bike,11/3/2022 17:52,11/3/2022 17:56,,,Southport Ave & Clybourn Ave,TA1309000030,41.91,-87.66,41.920771,-87.663712,member
110ACACDB551207D,electric_bike,11/12/2022 0:54,11/12/2022 1:01,,,State St & Kinzie St,13050,41.9,-87.63,41.88937547,-87.62707651,member
3515E49A3160F9D3,electric_bike,11/30/2022 16:33,11/30/2022 16:55,,,State St & Harrison St,SL-007,41.83,-87.68,41.874053,-87.627716,member
289320140984EE6E,electric_bike,11/24/2022 2:01,11/24/2022 2:07,,,State St & Harrison St,SL-007,41.89,-87.63,41.874053,-87.627716,member
98F00508E257778B,classic_bike,11/30/2022 16:46,11/30/2022 17:04,Franklin St & Adams St (Temp),TA1309000008,Larrabee St & North Ave,TA1306000008,41.87943409,-87.63550401,41.91021,-87.6435,member
1E19C43F1B1A04EC,classic_bike,11/18/2022 11:11,11/18/2022 11:43,Aberdeen St & Jackson Blvd,13157,Aberdeen St & Jackson Blvd,13157,41.87772613,-87.65478743,41.87772613,-87.65478743,member
28D1B669E95DB4C9,classic_bike,11/3/2022 23:40,11/4/2022 0:06,Rush St & Hubbard St,KA1503000044,Halsted St & Roscoe St,TA1309000025,41.890173,-87.626185,41.94367,-87.64895,member
C8467A137DFF117A,docked_bike,11/10/2022 15:49,11/10/2022 17:47,Clark St & Armitage Ave,13146,Clark St & Armitage Ave,13146,41.918306,-87.636282,41.918306,-87.636282,casual
E7C6B1C6348A4EB3,classic_bike,11/26/2022 15:28,11/26/2022 15:30,Walsh Park,18067,Walsh Park,18067,41.91461,-87.667968,41.91461,-87.667968,member
488B0C35B523511F,classic_bike,11/5/2022 19:02,11/5/2022 19:15,Clark St & Armitage Ave,13146,Clark St & Wellington Ave,TA1307000136,41.918306,-87.636282,41.93649682,-87.64753866,member
27EFEE6B1C173CBD,electric_bike,11/10/2022 17:48,11/10/2022 17:55,Desplaines St & Kinzie St,TA1306000003,State St & Kinzie St,13050,41.88847828,-87.64433396,41.88937547,-87.62707651,member
E6018A5177BA8069,classic_bike,11/3/2022 7:34,11/3/2022 7:50,Halsted St & Clybourn Ave,331,St. Clair St & Erie St,13016,41.909668,-87.648128,41.89434514,-87.62279838,member
17080C7282449B5E,classic_bike,11/24/2022 14:53,11/24/2022 15:00,Streeter Dr & Grand Ave,13022,St. Clair St & Erie St,13016,41.892278,-87.612043,41.89434514,-87.62279838,member
CF22D26ABF6E99BE,classic_bike,11/10/2022 12:09,11/10/2022 12:20,Streeter Dr & Grand Ave,13022,St. Clair St & Erie St,13016,41.892278,-87.612043,41.89434514,-87.62279838,member
7054FE48716D5632,electric_bike,11/7/2022 17:42,11/7/2022 17:53,Halsted St & Clybourn Ave,331,N Sheffield Ave & W Wellington Ave,20256,41.90960038,-87.6482023,41.94,-87.65,member
CDC809C69431E003,classic_bike,11/22/2022 16:27,11/22/2022 17:03,Franklin St & Adams St (Temp),TA1309000008,Southport Ave & Waveland Ave,13235,41.87943409,-87.63550401,41.94815,-87.66394,member
FED288CF9EDC5DC0,classic_bike,11/23/2022 14:00,11/23/2022 14:16,Larrabee St & Division St,KA1504000079,St. Clair St & Erie St,13016,41.90348607,-87.64335349,41.89434514,-87.62279838,member
FE12ADAA286C6007,electric_bike,11/2/2022 18:38,11/2/2022 18:54,Halsted St & Clybourn Ave,331,St. Clair St & Erie St,13016,41.90961599,-87.64813054,41.89434514,-87.62279838,member
6556FF095F6C26D3,classic_bike,11/2/2022 15:19,11/2/2022 15:25,Streeter Dr & Grand Ave,13022,St. Clair St & Erie St,13016,41.892278,-87.612043,41.89434514,-87.62279838,member
A60623A89212ADAF,classic_bike,11/6/2022 20:03,11/6/2022 20:30,Halsted St & Clybourn Ave,331,Southport Ave & Waveland Ave,13235,41.909668,-87.648128,41.94815,-87.66394,member
F1345D51E9E6D01D,classic_bike,11/29/2022 8:35,11/29/2022 8:48,Aberdeen St & Monroe St,13156,State St & Kinzie St,13050,41.880419,-87.655519,41.88937547,-87.62707651,member
B2270BD960AA4109,classic_bike,11/2/2022 8:29,11/2/2022 8:41,Aberdeen St & Monroe St,13156,State St & Kinzie St,13050,41.880419,-87.655519,41.88937547,-87.62707651,member
D8DA89F53D0D98AE,classic_bike,11/6/2022 20:03,11/6/2022 20:30,Halsted St & Clybourn Ave,331,Southport Ave & Waveland Ave,13235,41.909668,-87.648128,41.94815,-87.66394,member
47277D088BC74E70,docked_bike,11/11/2022 15:23,11/11/2022 15:45,Streeter Dr & Grand Ave,13022,St. Clair St & Erie St,13016,41.892278,-87.612043,41.894345,-87.622798,casual
00068D15C0C3A71D,electric_bike,11/3/2022 20:39,11/3/2022 20:55,LaSalle St & Illinois St,13430,Southport Ave & Clybourn Ave,TA1309000030,41.89066783,-87.63158533,41.920771,-87.663712,member
4A5DB2AC7FC65CB1,electric_bike,11/29/2022 12:33,11/29/2022 12:45,Halsted St & Roosevelt Rd,TA1305000017,State St & Kinzie St,13050,41.86745131,-87.64865005,41.88937547,-87.62707651,casual
CB4386F1F3A07840,classic_bike,11/30/2022 11:41,11/30/2022 11:48,Aberdeen St & Monroe St,13156,Ashland Ave & Lake St,13073,41.880419,-87.655519,41.88592,-87.66717,casual
082A37AC30253655,classic_bike,11/14/2022 15:01,11/14/2022 15:19,Streeter Dr & Grand Ave,13022,Buckingham Fountain,15541,41.892278,-87.612043,41.876423,-87.620339,casual
066F02FC5D547F41,electric_bike,11/1/2022 12:16,11/1/2022 12:42,Albany Ave & Montrose Ave,15621,Broadway & Granville Ave,15571,41.96108186,-87.70589566,41.99477969,-87.66028453,member
7692A1B44B41086B,electric_bike,11/1/2022 17:43,11/1/2022 17:56,Halsted St & Clybourn Ave,331,Southport Ave & Waveland Ave,13235,41.90970983,-87.64814133,41.94815,-87.66394,member
4B194F107D2F67A2,electric_bike,11/23/2022 19:04,11/23/2022 19:42,Streeter Dr & Grand Ave,13022,Rhodes Ave & 32nd St,13215,41.89226842,-87.61207032,41.836208,-87.613533,member
9CC44409FD230899,electric_bike,11/9/2022 7:21,11/9/2022 7:29,Field Blvd & South Water St,15534,St. Clair St & Erie St,13016,41.886399,-87.6175765,41.89434514,-87.62279838,member
44EECAA528732FAB,classic_bike,11/21/2022 7:50,11/21/2022 7:57,LaSalle St & Illinois St,13430,Wacker Dr & Washington St,KA1503000072,41.890762,-87.631697,41.88314336,-87.63724208,casual
BF59616E1C152549,electric_bike,11/2/2022 13:51,11/2/2022 13:58,LaSalle St & Illinois St,13430,St. Clair St & Erie St,13016,41.89091849,-87.63175356,41.89434514,-87.62279838,casual
FC901F9B9BD88718,electric_bike,11/16/2022 13:56,11/16/2022 14:12,Narragansett Ave & School St,397,Bernard St & Elston Ave,18016,41.94,-87.79,41.949923,-87.713949,member
8B982E338B4D8764,electric_bike,11/29/2022 18:13,11/29/2022 18:23,Ravenswood Ave & Berteau Ave,TA1309000018,Southport Ave & Waveland Ave,13235,41.95792533,-87.67354783,41.94815,-87.66394,casual
CE7C7FD07AABC380,electric_bike,11/16/2022 7:49,11/16/2022 7:53,LaSalle St & Illinois St,13430,St. Clair St & Erie St,13016,41.89082992,-87.63187361,41.89434514,-87.62279838,casual
447AC7932459B556,electric_bike,11/2/2022 12:55,11/2/2022 13:03,LaSalle St & Illinois St,13430,St. Clair St & Erie St,13016,41.89058167,-87.6317735,41.89434514,-87.62279838,casual
92CB89DB2640138C,classic_bike,11/26/2022 23:23,11/26/2022 23:27,Canal St & Adams St,13011,Wacker Dr & Washington St,KA1503000072,41.879255,-87.639904,41.88314336,-87.63724208,member
7AD5B5E82E08B2BF,electric_bike,11/3/2022 8:57,11/3/2022 9:04,Franklin St & Adams St (Temp),TA1309000008,State St & Kinzie St,13050,41.87898317,-87.63581883,41.88937547,-87.62707651,member
5097EC53132C00C5,classic_bike,11/2/2022 13:37,11/2/2022 14:54,Streeter Dr & Grand Ave,13022,Buckingham Fountain,15541,41.892278,-87.612043,41.876423,-87.620339,casual
FAE7BA74BEC93DF6,classic_bike,11/6/2022 20:03,11/6/2022 20:30,Halsted St & Clybourn Ave,331,Southport Ave & Waveland Ave,13235,41.909668,-87.648128,41.94815,-87.66394,member
E462077046933B62,electric_bike,11/5/2022 16:19,11/5/2022 16:46,Streeter Dr & Grand Ave,13022,Wacker Dr & Washington St,KA1503000072,41.89225317,-87.6120035,41.88314336,-87.63724208,casual
8B198A33A649F95E,classic_bike,11/3/2022 8:33,11/3/2022 8:41,Sheridan Rd & Greenleaf Ave,KA1504000159,Clark St & Lunt Ave,KA1504000162,42.01058656,-87.66241209,42.00901118,-87.67411172,casual
5B99255EBA014722,electric_bike,11/5/2022 16:22,11/5/2022 16:46,Streeter Dr & Grand Ave,13022,Wacker Dr & Washington St,KA1503000072,41.89230317,-87.61209283,41.88314336,-87.63724208,casual
05680F940AF3AA68,electric_bike,11/5/2022 16:28,11/5/2022 16:46,Streeter Dr & Grand Ave,13022,Wacker Dr & Washington St,KA1503000072,41.89232217,-87.61217033,41.88314336,-87.63724208,casual
EEADD39FC60CE86F,electric_bike,11/10/2022 20:54,11/10/2022 21:12,Albany Ave & Montrose Ave,15621,Southport Ave & Waveland Ave,13235,41.96101567,-87.70586217,41.94815,-87.66394,casual
057E85EFD1F0237B,electric_bike,11/11/2022 13:58,11/11/2022 14:10,Larrabee St & Division St,KA1504000079,Wacker Dr & Washington St,KA1503000072,41.9034885,-87.64332217,41.88314336,-87.63724208,casual
DDEFFA7556417239,classic_bike,11/24/2022 14:21,11/24/2022 14:41,Streeter Dr & Grand Ave,13022,St. Clair St & Erie St,13016,41.892278,-87.612043,41.89434514,-87.62279838,casual
FA114FFEA1D62F47,classic_bike,11/24/2022 14:20,11/24/2022 14:41,Streeter Dr & Grand Ave,13022,St. Clair St & Erie St,13016,41.892278,-87.612043,41.89434514,-87.62279838,casual
6201288862C3A473,classic_bike,11/1/2022 12:12,11/1/2022 12:24,Streeter Dr & Grand Ave,13022,St. Clair St & Erie St,13016,41.892278,-87.612043,41.89434514,-87.62279838,casual
A69D3C2E557DA7C6,classic_bike,11/3/2022 15:52,11/3/2022 15:59,Streeter Dr & Grand Ave,13022,St. Clair St & Erie St,13016,41.892278,-87.612043,41.89434514,-87.62279838,member
9DCD19CC732F4CDB,electric_bike,11/18/2022 10:43,11/18/2022 10:54,Larrabee St & Division St,KA1504000079,St. Clair St & Erie St,13016,41.90355417,-87.64330183,41.89434514,-87.62279838,member
6C41D9430F474BB8,electric_bike,11/4/2022 7:55,11/4/2022 8:37,Streeter Dr & Grand Ave,13022,University Ave & 57th St,KA1503000071,41.89232967,-87.6122555,41.791478,-87.599861,member
F4A5E14F791A08F7,classic_bike,11/14/2022 15:01,11/14/2022 15:19,Streeter Dr & Grand Ave,13022,Buckingham Fountain,15541,41.892278,-87.612043,41.876423,-87.620339,casual
D8984758D124E8DF,docked_bike,11/11/2022 15:23,11/11/2022 15:45,Streeter Dr & Grand Ave,13022,St. Clair St & Erie St,13016,41.892278,-87.612043,41.894345,-87.622798,casual
68B1C764D8049BC9,electric_bike,11/6/2022 18:08,11/6/2022 18:18,Sheridan Rd & Greenleaf Ave,KA1504000159,Broadway & Granville Ave,15571,42.01057783,-87.66236567,41.99477969,-87.66028453,member
5D3CEB817F04D92B,electric_bike,11/1/2022 13:36,11/1/2022 13:46,Halsted St & Clybourn Ave,331,Wacker Dr & Washington St,KA1503000072,41.90960658,-87.64810944,41.88314336,-87.63724208,member
11EC2C16055BF460,electric_bike,11/12/2022 20:46,11/12/2022 21:05,Streeter Dr & Grand Ave,13022,Buckingham Fountain,15541,41.892241,-87.6119395,41.876423,-87.620339,casual
A213458346424E3C,classic_bike,11/5/2022 14:38,11/5/2022 14:43,Sheridan Rd & Greenleaf Ave,KA1504000159,Clark St & Lunt Ave,KA1504000162,42.01058656,-87.66241209,42.00901118,-87.67411172,casual
5950E69DED98AC32,classic_bike,11/12/2022 12:13,11/12/2022 12:32,Halsted St & Clybourn Ave,331,Southport Ave & Waveland Ave,13235,41.909668,-87.648128,41.94815,-87.66394,casual
B2828BFE2CEA3DA9,electric_bike,11/4/2022 17:12,11/4/2022 17:27,Streeter Dr & Grand Ave,13022,Buckingham Fountain,15541,41.8922615,-87.612039,41.876423,-87.620339,casual
5D9A5AC07F10F6BE,electric_bike,11/4/2022 8:23,11/4/2022 8:28,Sheridan Rd & Greenleaf Ave,KA1504000159,Clark St & Lunt Ave,KA1504000162,42.01061797,-87.66246057,42.00901118,-87.67411172,casual
E7B7C96E01820BFE,classic_bike,11/4/2022 10:20,11/4/2022 11:05,Streeter Dr & Grand Ave,13022,Buckingham Fountain,15541,41.892278,-87.612043,41.876423,-87.620339,casual
CB2905640D4B83D8,classic_bike,11/4/2022 12:21,11/4/2022 12:47,Streeter Dr & Grand Ave,13022,Buckingham Fountain,15541,41.892278,-87.612043,41.876423,-87.620339,casual
D5E8957321916474,classic_bike,11/12/2022 20:45,11/12/2022 21:04,Streeter Dr & Grand Ave,13022,Buckingham Fountain,15541,41.892278,-87.612043,41.876423,-87.620339,casual
62337EE28D9990EA,electric_bike,11/13/2022 16:08,11/13/2022 16:14,Sheridan Rd & Greenleaf Ave,KA1504000159,Broadway & Granville Ave,15571,42.0106195,-87.66243933,41.99477969,-87.66028453,casual
6499D7926E0C9B2B,electric_bike,11/10/2022 20:53,11/10/2022 21:12,Albany Ave & Montrose Ave,15621,Southport Ave & Waveland Ave,13235,41.96100967,-87.705922,41.94815,-87.66394,casual
7554228CE8B95DEC,classic_bike,11/3/2022 16:05,11/3/2022 16:45,Streeter Dr & Grand Ave,13022,Buckingham Fountain,15541,41.892278,-87.612043,41.876423,-87.620339,casual
292B421A02A5CCA9,electric_bike,11/1/2022 16:49,11/1/2022 17:12,Streeter Dr & Grand Ave,13022,Buckingham Fountain,15541,41.89272332,-87.61206913,41.876423,-87.620339,casual
3DD969D11851A7CC,electric_bike,11/8/2022 6:31,11/8/2022 6:40,Larrabee St & Division St,KA1504000079,St. Clair St & Erie St,13016,41.90350083,-87.64331217,41.89434514,-87.62279838,casual
81BE90E2C9D42562,electric_bike,11/1/2022 14:29,11/1/2022 14:35,Sheridan Rd & Greenleaf Ave,KA1504000159,Clark St & Lunt Ave,KA1504000162,42.01054533,-87.66238633,42.00901118,-87.67411172,casual
6F400D713B7F48EB,electric_bike,11/13/2022 10:00,11/13/2022 11:17,Streeter Dr & Grand Ave,13022,Buckingham Fountain,15541,41.89235842,-87.61222208,41.876423,-87.620339,casual
48604E818C6D0595,classic_bike,11/6/2022 20:03,11/6/2022 20:31,Halsted St & Clybourn Ave,331,Southport Ave & Waveland Ave,13235,41.909668,-87.648128,41.94815,-87.66394,member
6E6E7730895260F2,electric_bike,11/4/2022 7:48,11/4/2022 7:58,Larrabee St & Division St,KA1504000079,St. Clair St & Erie St,13016,41.90348383,-87.64330217,41.89434514,-87.62279838,member
5BAAF5D66A2E1988,classic_bike,11/21/2022 19:10,11/21/2022 19:14,Broadway & Waveland Ave,13325,Clarendon Ave & Gordon Ter,13379,41.949074,-87.648636,41.95786652,-87.64950514,member
A267638B8B3A6C53,electric_bike,11/9/2022 19:03,11/9/2022 19:06,Broadway & Waveland Ave,13325,Clarendon Ave & Gordon Ter,13379,41.94908547,-87.64862597,41.95786652,-87.64950514,member
A6A3D3730EF90B6C,electric_bike,11/11/2022 19:19,11/11/2022 19:29,State St & Van Buren St,TA1305000035,Loomis St & Jackson Blvd,13206,41.877303,-87.62792039,41.877945,-87.662007,member
F777DB0A7C708446,electric_bike,11/8/2022 20:33,11/8/2022 20:37,Hoyne Ave & 47th St,KA1504000091,Ashland Ave & McDowell Ave,16937,41.80820036,-87.67723346,41.80887,-87.66454,member
02F342167D902422,classic_bike,11/14/2022 8:04,11/14/2022 8:10,Aberdeen St & Monroe St,13156,Wacker Dr & Washington St,KA1503000072,41.880419,-87.655519,41.88314336,-87.63724208,casual
856A60D7184B2FCB,classic_bike,11/1/2022 14:55,11/1/2022 15:15,Budlong Woods Library,15585,Clark St & Lunt Ave,KA1504000162,41.98366471,-87.69642256,42.00901118,-87.67411172,casual
212F96093F2CE612,electric_bike,11/3/2022 20:04,11/3/2022 20:11,Leavitt St & Archer Ave,KA1503000068,Halsted St & 35th St,TA1308000043,41.82878117,-87.68063533,41.830661,-87.647172,casual
B48D2D24981EA6A6,classic_bike,11/5/2022 17:12,11/5/2022 17:18,Aberdeen St & Monroe St,13156,Wacker Dr & Washington St,KA1503000072,41.880419,-87.655519,41.88314336,-87.63724208,casual
81C70329218080FE,electric_bike,11/6/2022 12:40,11/6/2022 12:44,Narragansett Ave & School St,397,Narragansett & Wrightwood,314,41.94,-87.79,41.93,-87.79,casual
12F2F218B85F9FE2,classic_bike,11/5/2022 15:50,11/5/2022 16:03,Aberdeen St & Monroe St,13156,Sangamon St & Washington Blvd,13409,41.880419,-87.655519,41.883165,-87.6511,casual
ED9E326574CAC398,electric_bike,11/5/2022 18:07,11/5/2022 18:14,Milwaukee Ave & Rockwell St,13242,California Ave & North Ave,13258,41.92024017,-87.69258933,41.9104754,-87.6968944,casual
C12222D06C334D8F,electric_bike,11/11/2022 10:03,11/11/2022 10:07,LaSalle St & Illinois St,13430,St. Clair St & Erie St,13016,41.89073324,-87.63161898,41.89434514,-87.62279838,casual
8DAD65C91C7EF030,electric_bike,11/11/2022 6:22,11/11/2022 6:32,Canal St & Adams St,13011,St. Clair St & Erie St,13016,41.87948823,-87.63989854,41.89434514,-87.62279838,member
938F85C4B13CFB2E,classic_bike,11/23/2022 13:36,11/23/2022 13:44,Broadway & Waveland Ave,13325,Southport Ave & Waveland Ave,13235,41.949074,-87.648636,41.94815,-87.66394,member
A8B1946FC225364E,classic_bike,11/1/2022 17:21,11/1/2022 17:36,Indiana Ave & Roosevelt Rd,SL-005,St. Clair St & Erie St,13016,41.867888,-87.623041,41.89434514,-87.62279838,member
157623DBC1893771,electric_bike,11/2/2022 17:26,11/2/2022 17:45,Milwaukee Ave & Rockwell St,13242,N Sheffield Ave & W Wellington Ave,20256,41.92032733,-87.69260133,41.94,-87.65,member
25528AFAE2E7C0E5,classic_bike,11/9/2022 16:00,11/9/2022 16:05,LaSalle St & Illinois St,13430,St. Clair St & Erie St,13016,41.890762,-87.631697,41.89434514,-87.62279838,member
107D86B3A66DFDCB,classic_bike,11/18/2022 14:56,11/18/2022 15:06,Rush St & Cedar St,KA1504000133,St. Clair St & Erie St,13016,41.9023087,-87.62769053,41.89434514,-87.62279838,member
08C0719F58C9536A,electric_bike,11/1/2022 17:09,11/1/2022 17:19,Ravenswood Ave & Berteau Ave,TA1309000018,Clarendon Ave & Gordon Ter,13379,41.95791948,-87.67352128,41.95786652,-87.64950514,member
A474390C21F532C9,electric_bike,11/1/2022 22:53,11/1/2022 23:03,Halsted St & Clybourn Ave,331,Sangamon St & Washington Blvd,13409,41.909622,-87.64809783,41.883165,-87.6511,member
D1ADB681F68BCBF1,electric_bike,11/30/2022 21:51,11/30/2022 21:56,Franklin St & Adams St (Temp),TA1309000008,Sangamon St & Washington Blvd,13409,41.87928486,-87.63526166,41.883165,-87.6511,member
14EBAEAB1FF7EBB1,docked_bike,11/17/2022 11:51,11/17/2022 12:03,Streeter Dr & Grand Ave,13022,St. Clair St & Erie St,13016,41.892278,-87.612043,41.894345,-87.622798,casual
BFCBF4DE1657BD82,classic_bike,11/10/2022 17:48,11/10/2022 18:15,Desplaines St & Kinzie St,TA1306000003,Southport Ave & Waveland Ave,13235,41.88871604,-87.64444785,41.94815,-87.66394,member
CD025439D3D2EA79,electric_bike,11/27/2022 0:16,11/27/2022 0:19,Desplaines St & Kinzie St,TA1306000003,Sangamon St & Washington Blvd,13409,41.88850248,-87.64439356,41.883165,-87.6511,member
1F9A2446775CE1CD,classic_bike,11/11/2022 14:24,11/11/2022 14:43,Hoyne Ave & Balmoral Ave,655,Southport Ave & Waveland Ave,13235,41.979851,-87.681932,41.94815,-87.66394,member
1E77A9D56A810B4D,classic_bike,11/10/2022 18:42,11/10/2022 18:49,Humboldt Blvd & Armitage Ave,15651,Western Ave & Winnebago Ave,13068,41.91751339,-87.70180896,41.91552,-87.687022,member
C93336BD5B3F6B8D,electric_bike,11/23/2022 17:15,11/23/2022 17:28,Greenview Ave & Fullerton Ave,TA1307000001,Western Ave & Winnebago Ave,13068,41.92538567,-87.66585267,41.91552,-87.687022,member
1D61985F32664CDA,classic_bike,11/26/2022 15:16,11/26/2022 17:03,Streeter Dr & Grand Ave,13022,Chicago Ave & Sheridan Rd,E008,41.892278,-87.612043,42.050491,-87.677821,member
95291762218AC49F,electric_bike,11/10/2022 23:54,11/11/2022 0:01,Larrabee St & Division St,KA1504000079,Larrabee St & North Ave,TA1306000008,41.90349167,-87.6433405,41.91021,-87.6435,member
63E1F328E7AD9DB0,electric_bike,11/8/2022 6:58,11/8/2022 7:04,Public Rack - Western Ave & Jarvis Ave,483,Clark St & Lunt Ave,KA1504000162,42.02,-87.69,42.00901118,-87.67411172,member
B4893E10DB467A26,electric_bike,11/2/2022 15:07,11/2/2022 15:20,Streeter Dr & Grand Ave,13022,Calumet Ave & 18th St,13102,41.89240146,-87.612257,41.85788924,-87.62019932,member
54280ED3A809D32A,electric_bike,11/1/2022 17:10,11/1/2022 17:17,Franklin St & Adams St (Temp),TA1309000008,Racine Ave & Washington Blvd,654,41.87908283,-87.6360545,41.883073,-87.656952,member
906DC91F08DD06D5,classic_bike,11/10/2022 18:27,11/10/2022 18:44,Damen Ave & Wellington Ave,13268,Southport Ave & Clybourn Ave,TA1309000030,41.93588,-87.67842,41.920771,-87.663712,member
1185CA472D56A723,electric_bike,11/23/2022 15:31,11/23/2022 15:43,Stockton Dr & Wrightwood Ave,13276,Lakefront Trail & Wilson Ave,639,41.93129783,-87.63870233,41.965845,-87.645361,member
BF861387EB642388,electric_bike,11/28/2022 19:35,11/28/2022 19:47,Greenview Ave & Fullerton Ave,TA1307000001,Western Ave & Winnebago Ave,13068,41.92546833,-87.66585017,41.91552,-87.687022,member
FF2134963F271BA2,electric_bike,11/2/2022 17:54,11/2/2022 18:06,Franklin St & Adams St (Temp),TA1309000008,Larrabee St & North Ave,TA1306000008,41.87872833,-87.635439,41.91021,-87.6435,member
7A4BC41C571171BD,classic_bike,11/24/2022 11:42,11/24/2022 12:09,Streeter Dr & Grand Ave,13022,Calumet Ave & 18th St,13102,41.892278,-87.612043,41.85788924,-87.62019932,casual
5D4E874E226D03F6,electric_bike,11/25/2022 19:43,11/25/2022 19:46,Larrabee St & Division St,KA1504000079,Larrabee St & North Ave,TA1306000008,41.90357125,-87.64329076,41.91021,-87.6435,casual
178F58D5395F7839,docked_bike,11/26/2022 12:12,11/26/2022 13:04,Streeter Dr & Grand Ave,13022,Fort Dearborn Dr & 31st St,TA1307000048,41.892278,-87.612043,41.838556,-87.608218,casual
AB1CCB9157876A16,classic_bike,11/1/2022 16:14,11/1/2022 16:40,LaSalle St & Illinois St,13430,Calumet Ave & 18th St,13102,41.890762,-87.631697,41.85788924,-87.62019932,member
96AAC9D19E27DAB2,electric_bike,11/29/2022 11:19,11/29/2022 11:26,Halsted St & Clybourn Ave,331,Southport Ave & Clybourn Ave,TA1309000030,41.90961945,-87.64813435,41.920771,-87.663712,member
868C0F2B0B253FB5,classic_bike,11/5/2022 19:29,11/5/2022 19:40,Damen Ave & Wellington Ave,13268,Southport Ave & Clybourn Ave,TA1309000030,41.93588,-87.67842,41.920771,-87.663712,member
2C4E302C493F9AEB,classic_bike,11/9/2022 18:18,11/9/2022 18:32,Halsted St & Roosevelt Rd,TA1305000017,Wolcott Ave & Polk St,TA1309000064,41.867324,-87.648625,41.871262,-87.673688,member
E3E53C6478597A8A,classic_bike,11/10/2022 12:58,11/10/2022 13:05,Troy St & North Ave,15653,Western Ave & Winnebago Ave,13068,41.9097693,-87.70528049,41.91552,-87.687022,member
44AB3105A0CB1426,classic_bike,11/21/2022 18:21,11/21/2022 18:25,Larrabee St & Division St,KA1504000079,Larrabee St & North Ave,TA1306000008,41.90348607,-87.64335349,41.91021,-87.6435,member
64B0A84D2FAB37ED,classic_bike,11/13/2022 13:54,11/13/2022 13:57,Larrabee St & Division St,KA1504000079,Larrabee St & North Ave,TA1306000008,41.90348607,-87.64335349,41.91021,-87.6435,member
46C0980788755621,electric_bike,11/21/2022 14:24,11/21/2022 15:04,Streeter Dr & Grand Ave,13022,Fort Dearborn Dr & 31st St,TA1307000048,41.89217687,-87.6119014,41.838556,-87.608218,member
5171D29D7FE38B54,electric_bike,11/8/2022 8:35,11/8/2022 8:38,Larrabee St & Division St,KA1504000079,Larrabee St & North Ave,TA1306000008,41.9035425,-87.6433325,41.91021,-87.6435,member
952A3A1B2924C424,electric_bike,11/21/2022 19:20,11/21/2022 19:22,Larrabee St & Division St,KA1504000079,Larrabee St & North Ave,TA1306000008,41.90357959,-87.64335525,41.91021,-87.6435,member
37A48B293B59120B,electric_bike,11/29/2022 11:42,11/29/2022 12:02,Streeter Dr & Grand Ave,13022,Calumet Ave & 18th St,13102,41.89220217,-87.6119265,41.85761755,-87.61941075,member
AD2988AC77BC5FB1,classic_bike,11/6/2022 14:37,11/6/2022 14:57,Larrabee St & Division St,KA1504000079,Western Ave & Winnebago Ave,13068,41.90348607,-87.64335349,41.91552,-87.687022,member
73E1D32E86E9CA03,classic_bike,11/4/2022 16:38,11/4/2022 16:41,Halsted St & Clybourn Ave,331,Larrabee St & North Ave,TA1306000008,41.909668,-87.648128,41.91021,-87.6435,member
1DFCD38AB4C89C66,electric_bike,11/4/2022 15:44,11/4/2022 15:56,Streeter Dr & Grand Ave,13022,Calumet Ave & 18th St,13102,41.89225948,-87.61192954,41.85788924,-87.62019932,casual
8AF9DF9D8E21C301,classic_bike,11/4/2022 15:18,11/4/2022 15:43,Streeter Dr & Grand Ave,13022,Calumet Ave & 18th St,13102,41.892278,-87.612043,41.85788924,-87.62019932,member
9B73FCB58122435C,classic_bike,11/10/2022 13:29,11/10/2022 13:48,Sheridan Rd & Greenleaf Ave,KA1504000159,Chicago Ave & Sheridan Rd,E008,42.01058656,-87.66241209,42.050491,-87.677821,casual
AF6F77FDF9F2AF0E,electric_bike,11/21/2022 10:23,11/21/2022 10:25,Larrabee St & Division St,KA1504000079,Larrabee St & North Ave,TA1306000008,41.90356167,-87.64333267,41.91021,-87.6435,casual
E61DF3A6BBA73865,classic_bike,11/3/2022 17:32,11/3/2022 18:31,Streeter Dr & Grand Ave,13022,Fort Dearborn Dr & 31st St,TA1307000048,41.892278,-87.612043,41.838556,-87.608218,casual
ED2FA84392451870,electric_bike,11/8/2022 16:51,11/8/2022 17:03,Franklin St & Adams St (Temp),TA1309000008,Calumet Ave & 18th St,13102,41.87892175,-87.63570237,41.85788924,-87.62019932,member
CD6EBE2FC3025C84,electric_bike,11/14/2022 8:04,11/14/2022 8:13,Franklin St & Adams St (Temp),TA1309000008,State St & Kinzie St,13050,41.8792025,-87.635494,41.88937547,-87.62707651,member
BE58F4D130326D46,classic_bike,11/3/2022 17:26,11/3/2022 17:30,Larrabee St & Division St,KA1504000079,Larrabee St & North Ave,TA1306000008,41.90348607,-87.64335349,41.91021,-87.6435,member
EA6DBFCA47E48EDB,classic_bike,11/25/2022 13:35,11/25/2022 13:57,Albany Ave & Montrose Ave,15621,Western Ave & Winnebago Ave,13068,41.961041,-87.705866,41.91552,-87.687022,member
8C89B5E2F9E17543,docked_bike,11/26/2022 12:11,11/26/2022 13:05,Streeter Dr & Grand Ave,13022,Fort Dearborn Dr & 31st St,TA1307000048,41.892278,-87.612043,41.838556,-87.608218,casual
CB7CDC0DAECCCE9B,docked_bike,11/26/2022 12:11,11/26/2022 13:05,Streeter Dr & Grand Ave,13022,Fort Dearborn Dr & 31st St,TA1307000048,41.892278,-87.612043,41.838556,-87.608218,casual
432850C1131F30AA,classic_bike,11/2/2022 17:39,11/2/2022 17:42,Halsted St & Clybourn Ave,331,Larrabee St & North Ave,TA1306000008,41.909668,-87.648128,41.91021,-87.6435,member
30454C13B74CA174,electric_bike,11/7/2022 20:24,11/7/2022 20:43,Halsted St & Clybourn Ave,331,Clarendon Ave & Gordon Ter,13379,41.90955734,-87.64816284,41.95786652,-87.64950514,member
0684A0105FDE3AE8,docked_bike,11/26/2022 12:11,11/26/2022 13:13,Streeter Dr & Grand Ave,13022,Fort Dearborn Dr & 31st St,TA1307000048,41.892278,-87.612043,41.838556,-87.608218,casual
BD2725FC5E3D9688,electric_bike,11/1/2022 13:50,11/1/2022 14:02,,,Wolcott Ave & Polk St,TA1309000064,41.87,-87.65,41.871262,-87.673688,member
565A0D6AF48E8B0D,electric_bike,11/13/2022 20:47,11/13/2022 20:52,,,Western Ave & Winnebago Ave,13068,41.91,-87.68,41.91552,-87.687022,member
4128FD2DA001E990,electric_bike,11/10/2022 20:18,11/10/2022 20:37,,,Calumet Ave & 18th St,13102,41.88,-87.66,41.85788924,-87.62019932,member
987B1302816A4281,electric_bike,11/19/2022 22:03,11/19/2022 22:08,,,Major Taylor Trail & 115th St,20207,41.68,-87.64,41.6849316,-87.64528871,member
FEB98546B6F0BCA8,classic_bike,11/13/2022 2:04,11/13/2022 2:09,California Ave & Milwaukee Ave,13084,Western Ave & Winnebago Ave,13068,41.922695,-87.697153,41.91552,-87.687022,member
DBAFC5D7A0A4BD08,electric_bike,11/29/2022 16:40,11/29/2022 16:54,,,Fort Dearborn Dr & 31st St,TA1307000048,41.84,-87.62,41.838556,-87.608218,member
F240129CBD8DE746,electric_bike,11/28/2022 15:53,11/28/2022 15:55,,,Chicago Ave & Sheridan Rd,E008,42.06,-87.68,42.050491,-87.677821,member
84C75C185296A6D7,electric_bike,11/6/2022 19:46,11/6/2022 19:51,,,Chicago Ave & Sheridan Rd,E008,42.04,-87.68,42.050491,-87.677821,member
8A38910CECE960FE,electric_bike,11/18/2022 15:44,11/18/2022 15:53,,,Western Ave & Winnebago Ave,13068,41.92,-87.73,41.91552,-87.687022,member
AC73F598EFD1F79D,electric_bike,11/1/2022 17:08,11/1/2022 17:18,,,Western Ave & Winnebago Ave,13068,41.92,-87.73,41.91552,-87.687022,member
E36FD1106D5BD2EA,electric_bike,11/17/2022 16:16,11/17/2022 16:25,,,Western Ave & Winnebago Ave,13068,41.92,-87.73,41.91552,-87.687022,member
8147A033A16ACE36,electric_bike,11/6/2022 23:39,11/6/2022 23:42,,,Chicago Ave & Sheridan Rd,E008,42.06,-87.67,42.050491,-87.677821,member
AE5104BA08AF0650,electric_bike,11/30/2022 6:30,11/30/2022 6:34,,,Western Ave & Winnebago Ave,13068,41.92,-87.69,41.91552,-87.687022,member
BC6D6A9B2AD97E4C,electric_bike,11/21/2022 11:24,11/21/2022 11:26,,,Western Ave & Winnebago Ave,13068,41.92,-87.68,41.91552,-87.687022,member
96225729BBB4C74F,electric_bike,11/5/2022 8:49,11/5/2022 8:51,,,Ping Tom Park (East),20260,41.86,-87.63,41.86,-87.63,member
D79C92F81DC43B2C,electric_bike,11/10/2022 6:11,11/10/2022 6:15,,,Western Ave & Winnebago Ave,13068,41.92,-87.69,41.91552,-87.687022,member
8BCF7D4F47F0F307,electric_bike,11/14/2022 9:23,11/14/2022 9:29,,,Wolcott Ave & Polk St,TA1309000064,41.88,-87.66,41.871262,-87.673688,member
D8B0BC03B6845864,classic_bike,11/9/2022 0:58,11/9/2022 1:27,Halsted St & Clybourn Ave,331,Clarendon Ave & Gordon Ter,13379,41.909668,-87.648128,41.95786652,-87.64950514,member
16BCEA6F0E890940,electric_bike,11/3/2022 7:25,11/3/2022 7:32,Damen Ave & Wellington Ave,13268,Southport Ave & Clybourn Ave,TA1309000030,41.93586067,-87.67842017,41.920771,-87.663712,member
10B575C4B8B8D5D0,electric_bike,11/8/2022 16:35,11/8/2022 16:46,Halsted St & Clybourn Ave,331,Racine Ave & Washington Blvd,654,41.90955102,-87.64813459,41.883073,-87.656952,member
A9B4FE8ED5357155,classic_bike,11/6/2022 9:47,11/6/2022 10:12,Franklin St & Adams St (Temp),TA1309000008,State St & Kinzie St,13050,41.87943409,-87.63550401,41.88937547,-87.62707651,casual
89817F461BFC3396,classic_bike,11/6/2022 14:57,11/6/2022 15:57,Streeter Dr & Grand Ave,13022,Lakefront Trail & Wilson Ave,639,41.892278,-87.612043,41.965845,-87.645361,casual
21E587D6E69A45D2,electric_bike,11/29/2022 18:34,11/29/2022 18:43,Franklin St & Adams St (Temp),TA1309000008,Loomis St & Jackson Blvd,13206,41.87904823,-87.63565183,41.877945,-87.662007,casual
7F0653B091E832A5,classic_bike,11/6/2022 14:56,11/6/2022 15:57,Streeter Dr & Grand Ave,13022,Lakefront Trail & Wilson Ave,639,41.892278,-87.612043,41.965845,-87.645361,casual
C421AACDB2BC1E28,classic_bike,11/25/2022 16:35,11/25/2022 16:41,Franklin St & Adams St (Temp),TA1309000008,State St & Kinzie St,13050,41.87943409,-87.63550401,41.88937547,-87.62707651,casual
1D9A20D6724BF61C,classic_bike,11/7/2022 12:06,11/7/2022 12:19,Larrabee St & Division St,KA1504000079,State St & Kinzie St,13050,41.90348607,-87.64335349,41.88937547,-87.62707651,casual
0722E9767CD45275,classic_bike,11/19/2022 8:43,11/19/2022 8:49,Franklin St & Adams St (Temp),TA1309000008,State St & Harrison St,SL-007,41.87943409,-87.63550401,41.874053,-87.627716,member
053DF4252ECB37D4,electric_bike,11/11/2022 11:33,11/11/2022 11:42,Halsted St & Clybourn Ave,331,Southport Ave & Clybourn Ave,TA1309000030,41.90964758,-87.64813447,41.920771,-87.663712,casual
68B262840D2240C2,classic_bike,11/1/2022 18:01,11/1/2022 18:10,Halsted St & Clybourn Ave,331,Clark St & Armitage Ave,13146,41.909668,-87.648128,41.918306,-87.636282,member
FD677A625EEF8228,electric_bike,11/23/2022 13:55,11/23/2022 14:00,Troy St & North Ave,15653,Western Ave & Winnebago Ave,13068,41.90980601,-87.7053709,41.91552,-87.687022,member
67DE759A9FAC9477,classic_bike,11/29/2022 18:33,11/29/2022 18:54,Halsted St & Roosevelt Rd,TA1305000017,Calumet Ave & 18th St,13102,41.867324,-87.648625,41.85761755,-87.61941075,member
B125BB9C2ED84BA8,classic_bike,11/3/2022 17:53,11/3/2022 18:32,Halsted St & Roosevelt Rd,TA1305000017,Calumet Ave & 18th St,13102,41.867324,-87.648625,41.85788924,-87.62019932,member
ECE8B896A66A2764,classic_bike,11/4/2022 6:25,11/4/2022 6:35,Aberdeen St & Monroe St,13156,Wolcott Ave & Polk St,TA1309000064,41.880419,-87.655519,41.871262,-87.673688,member
F3AA6C5A6909C272,electric_bike,11/3/2022 17:27,11/3/2022 17:31,Larrabee St & Division St,KA1504000079,Larrabee St & North Ave,TA1306000008,41.90359483,-87.64325883,41.91021,-87.6435,member
0B1650B73D2137C4,classic_bike,11/4/2022 15:17,11/4/2022 15:44,Streeter Dr & Grand Ave,13022,Calumet Ave & 18th St,13102,41.892278,-87.612043,41.85788924,-87.62019932,member
71B6C22B38FC6818,electric_bike,11/8/2022 14:23,11/8/2022 15:10,Halsted St & Clybourn Ave,331,Public Rack - Laramie Ave & Belmont Ave,544,41.9095065,-87.64810933,41.94,-87.76,casual
8A9E3AB09F358401,electric_bike,11/3/2022 16:17,11/3/2022 16:20,Larrabee St & Division St,KA1504000079,Larrabee St & North Ave,TA1306000008,41.90358675,-87.64338517,41.91021,-87.6435,casual
D0805622B8BC1E9F,classic_bike,11/19/2022 10:45,11/19/2022 10:54,Larrabee St & Division St,KA1504000079,Larrabee St & North Ave,TA1306000008,41.90348607,-87.64335349,41.91021,-87.6435,casual
4CC87DE318901ECC,electric_bike,11/5/2022 17:54,11/5/2022 18:06,Halsted St & Clybourn Ave,331,Western Ave & Winnebago Ave,13068,41.90970159,-87.64808512,41.91552,-87.687022,casual
6CB777F83EBBA189,electric_bike,11/6/2022 14:46,11/6/2022 14:50,Larrabee St & Division St,KA1504000079,Larrabee St & North Ave,TA1306000008,41.90353967,-87.64337867,41.91021,-87.6435,casual
AE7C0C19297D1A29,classic_bike,11/26/2022 15:15,11/26/2022 17:03,Streeter Dr & Grand Ave,13022,Chicago Ave & Sheridan Rd,E008,41.892278,-87.612043,42.050491,-87.677821,casual
BB63F95D6CAB2189,electric_bike,11/6/2022 21:41,11/6/2022 21:53,Halsted St & Clybourn Ave,331,Western Ave & Winnebago Ave,13068,41.90965104,-87.64813101,41.91552,-87.687022,casual
DB024DBDF4C9B726,electric_bike,11/8/2022 16:49,11/8/2022 16:52,Larrabee St & Division St,KA1504000079,Larrabee St & North Ave,TA1306000008,41.90357852,-87.6433475,41.91021,-87.6435,casual
4B6FBACE5651497E,electric_bike,11/4/2022 13:31,11/4/2022 13:45,Streeter Dr & Grand Ave,13022,Calumet Ave & 18th St,13102,41.89226933,-87.61218183,41.85788924,-87.62019932,casual
C9D1C9940954CC98,electric_bike,11/7/2022 7:54,11/7/2022 8:04,,,Wolcott Ave & Polk St,TA1309000064,41.88,-87.65,41.871262,-87.673688,member
BFEE2816B939E2B5,electric_bike,11/26/2022 14:28,11/26/2022 16:12,,,Calumet Ave & 18th St,13102,41.79,-87.6,41.85788924,-87.62019932,member
2FAAC00738515532,electric_bike,11/9/2022 17:39,11/9/2022 17:56,,,Larrabee St & North Ave,TA1306000008,41.94,-87.67,41.91021,-87.6435,member
3B5994839FBDB904,electric_bike,11/4/2022 15:33,11/4/2022 16:40,,,Calumet Ave & 18th St,13102,41.86,-87.62,41.85788924,-87.62019932,member
167DC9433D08A9C9,classic_bike,11/24/2022 1:37,11/24/2022 1:43,California Ave & Milwaukee Ave,13084,Western Ave & Winnebago Ave,13068,41.922695,-87.697153,41.91552,-87.687022,member
B4F30500E200ECC6,electric_bike,11/10/2022 13:05,11/10/2022 13:23,,,Larrabee St & North Ave,TA1306000008,41.94,-87.67,41.91021,-87.6435,member
FA7C8AF7793A34F0,electric_bike,11/11/2022 16:16,11/11/2022 16:38,,,Calumet Ave & 18th St,13102,41.91,-87.65,41.85788924,-87.62019932,member
24991B080E505673,electric_bike,11/10/2022 20:00,11/10/2022 20:17,,,Western Ave & Winnebago Ave,13068,41.9,-87.62,41.91552,-87.687022,member
ACFDF645B206350B,electric_bike,11/20/2022 13:20,11/20/2022 13:27,,,Calumet Ave & 18th St,13102,41.87,-87.62,41.85788924,-87.62019932,member
66E61A0DDDDCF416,electric_bike,11/4/2022 13:27,11/4/2022 13:35,,,Larrabee St & North Ave,TA1306000008,41.9,-87.63,41.91021,-87.6435,member
21ABC06C252A15C4,electric_bike,11/21/2022 16:23,11/21/2022 16:32,,,Western Ave & Winnebago Ave,13068,41.92,-87.73,41.91552,-87.687022,member
7524B4F6634A3F54,electric_bike,11/23/2022 9:40,11/23/2022 9:43,,,Chicago Ave & Sheridan Rd,E008,42.06,-87.68,42.050491,-87.677821,member
E38D88DDB2135BF9,electric_bike,11/29/2022 15:06,11/29/2022 15:13,,,Wolcott Ave & Polk St,TA1309000064,41.87,-87.65,41.871262,-87.673688,member
DD35816BAD7F0DE7,electric_bike,11/29/2022 12:42,11/29/2022 12:48,,,Wolcott Ave & Polk St,TA1309000064,41.87,-87.65,41.871262,-87.673688,member
A3232AF107994836,electric_bike,11/10/2022 16:46,11/10/2022 16:50,,,Wolcott Ave & Polk St,TA1309000064,41.87,-87.68,41.871262,-87.673688,member
841FCEAD7AB1135F,electric_bike,11/8/2022 12:13,11/8/2022 12:20,,,Wolcott Ave & Polk St,TA1309000064,41.89,-87.68,41.871262,-87.673688,member
1ED89A9496726629,electric_bike,11/6/2022 0:01,11/6/2022 0:09,,,Western Ave & Winnebago Ave,13068,41.91,-87.67,41.91552,-87.687022,member
C1AE9891851AA296,electric_bike,11/1/2022 9:48,11/1/2022 9:55,,,Wolcott Ave & Polk St,TA1309000064,41.87,-87.66,41.871262,-87.673688,member
56D487462D09A6F4,electric_bike,11/27/2022 13:57,11/27/2022 14:00,,,Chicago Ave & Sheridan Rd,E008,42.06,-87.67,42.050491,-87.677821,member
A198AE4F3880BAFF,electric_bike,11/7/2022 6:18,11/7/2022 6:22,,,Western Ave & Winnebago Ave,13068,41.92,-87.68,41.91552,-87.687022,member
7C4C92F5F06C643C,classic_bike,11/6/2022 17:18,11/6/2022 17:34,Streeter Dr & Grand Ave,13022,State St & Harrison St,SL-007,41.892278,-87.612043,41.874053,-87.627716,casual
C96E449800D8ACE2,electric_bike,11/30/2022 13:38,11/30/2022 13:45,Rush St & Cedar St,KA1504000133,Larrabee St & North Ave,TA1306000008,41.90229774,-87.62782228,41.91021,-87.6435,member
130D7D4FC625E7B5,classic_bike,11/16/2022 8:42,11/16/2022 8:47,Damen Ave & Charleston St,13288,Western Ave & Winnebago Ave,13068,41.920082,-87.677855,41.91552,-87.687022,casual
FE16A6457BDEB8D0,classic_bike,11/10/2022 13:23,11/10/2022 13:53,Sheridan Rd & Montrose Ave,TA1307000107,Sheridan Rd & Montrose Ave,TA1307000107,41.96167,-87.65464,41.96167,-87.65464,member
40108C7E047EC416,electric_bike,11/8/2022 15:07,11/8/2022 15:11,Clark St & Wellington Ave,TA1307000136,Halsted St & Roscoe St,TA1309000025,41.93653667,-87.647598,41.94367,-87.64895,member
185189745D81DBAF,electric_bike,11/13/2022 18:13,11/13/2022 18:27,Sheridan Rd & Montrose Ave,TA1307000107,Sheridan Rd & Montrose Ave,TA1307000107,41.96161985,-87.65463173,41.96167,-87.65464,member
D2BF299555B6DFD0,classic_bike,11/12/2022 16:20,11/12/2022 16:27,Aberdeen St & Jackson Blvd,13157,Green St & Madison Ave*,chargingstx07,41.87772613,-87.65478743,41.88182738,-87.6488319,member
41F7832246458753,electric_bike,11/13/2022 18:19,11/13/2022 18:26,Clark St & Armitage Ave,13146,Halsted St & Roscoe St,TA1309000025,41.91826867,-87.63634133,41.94367,-87.64895,member
61A73ABE32A0FFE6,classic_bike,11/3/2022 15:49,11/3/2022 15:49,Walsh Park,18067,Walsh Park,18067,41.91461,-87.667968,41.91461,-87.667968,member
1F5460CEC1EE5191,classic_bike,11/6/2022 17:40,11/6/2022 17:45,Halsted St & Roscoe St,TA1309000025,Clark St & Wellington Ave,TA1307000136,41.94367,-87.64895,41.93649682,-87.64753866,member
DC77B49785B37515,electric_bike,11/4/2022 16:57,11/4/2022 17:06,,,Halsted St & 35th St,TA1308000043,41.83,-87.66,41.830661,-87.647172,member
707B165841088FD1,electric_bike,11/23/2022 21:21,11/23/2022 21:29,,,California Ave & North Ave,13258,41.9,-87.71,41.9104754,-87.6968944,member
0887EE7E59CA6343,electric_bike,11/26/2022 17:12,11/26/2022 17:26,,,Clark St & Lunt Ave,KA1504000162,42.02,-87.71,42.00901118,-87.67411172,member
77DA93B14262B29C,electric_bike,11/23/2022 19:01,11/23/2022 19:07,,,Clark St & Lunt Ave,KA1504000162,42,-87.66,42.00901118,-87.67411172,member
B278121B6F416092,electric_bike,11/18/2022 14:15,11/18/2022 14:20,,,University Ave & 57th St,KA1503000071,41.78,-87.6,41.791478,-87.599861,member
EAB67DEBDFAFB0F1,electric_bike,11/7/2022 6:46,11/7/2022 7:02,,,St. Clair St & Erie St,13016,41.9,-87.69,41.89434514,-87.62279838,member
0AD0E4DE298DE58A,electric_bike,11/4/2022 19:20,11/4/2022 19:39,,,Southport Ave & Waveland Ave,13235,41.9,-87.63,41.94815,-87.66394,member
F3768CB871EAB852,electric_bike,11/9/2022 15:22,11/9/2022 15:28,,,St. Clair St & Erie St,13016,41.89,-87.63,41.89434514,-87.62279838,member
8166F14691AD9D54,electric_bike,11/5/2022 21:22,11/5/2022 21:37,,,Southport Ave & Waveland Ave,13235,41.97,-87.72,41.94815,-87.66394,member
903B382B2F75F473,electric_bike,11/1/2022 14:35,11/1/2022 15:21,,,St. Clair St & Erie St,13016,41.96,-87.71,41.89434514,-87.62279838,member
D9BBBD376BB6EE52,electric_bike,11/30/2022 16:35,11/30/2022 16:40,,,University Ave & 57th St,KA1503000071,41.8,-87.6,41.791478,-87.599861,member
0E7CE955A3571F66,electric_bike,11/28/2022 11:38,11/28/2022 12:08,,,Wacker Dr & Washington St,KA1503000072,41.95,-87.66,41.88314336,-87.63724208,member
8461CB57258B2E80,electric_bike,11/2/2022 12:56,11/2/2022 13:27,,,Wacker Dr & Washington St,KA1503000072,41.95,-87.67,41.88314336,-87.63724208,member
A37FF92C2345B6D6,electric_bike,11/13/2022 15:54,11/13/2022 15:59,,,Buckingham Fountain,15541,41.87,-87.61,41.876423,-87.620339,member
899F62D4A4761A8E,electric_bike,11/3/2022 14:35,11/3/2022 14:53,,,St. Clair St & Erie St,13016,41.95,-87.65,41.89434514,-87.62279838,member
B4F3A2D39B054F72,electric_bike,11/17/2022 9:50,11/17/2022 9:56,,,University Ave & 57th St,KA1503000071,41.78,-87.61,41.791478,-87.599861,member
A4A7492A309219A0,electric_bike,11/1/2022 13:55,11/1/2022 13:59,,,University Ave & 57th St,KA1503000071,41.79,-87.6,41.791478,-87.599861,member
4246ADF7967DF72C,electric_bike,11/23/2022 13:41,11/23/2022 13:46,,,University Ave & 57th St,KA1503000071,41.8,-87.59,41.791478,-87.599861,member
0812E57CC398BA68,electric_bike,11/8/2022 12:55,11/8/2022 12:59,,,University Ave & 57th St,KA1503000071,41.79,-87.6,41.791478,-87.599861,member
F755F9918D8C6A81,electric_bike,11/15/2022 11:05,11/15/2022 11:16,,,Broadway & Granville Ave,15571,41.98,-87.66,41.99477969,-87.66028453,member
EAD666C8CFB0EE44,electric_bike,11/3/2022 22:37,11/3/2022 22:40,,,Southport Ave & Waveland Ave,13235,41.95,-87.67,41.94815,-87.66394,member
DD88669A705ACACC,electric_bike,11/10/2022 13:56,11/10/2022 14:13,,,Bernard St & Elston Ave,18016,41.94,-87.79,41.949923,-87.713949,member
85E89614ECF3C301,electric_bike,11/6/2022 19:03,11/6/2022 19:19,,,California Ave & North Ave,13258,41.92,-87.67,41.9104754,-87.6968944,member
083D327E1806A93C,electric_bike,11/5/2022 0:35,11/5/2022 0:48,,,University Ave & 57th St,KA1503000071,41.79,-87.6,41.791478,-87.599861,member
8B9102754246FC0E,electric_bike,11/5/2022 14:17,11/5/2022 14:22,,,University Ave & 57th St,KA1503000071,41.79,-87.6,41.791478,-87.599861,member
1536608904603CE1,electric_bike,11/6/2022 13:31,11/6/2022 13:42,,,N Sheffield Ave & W Wellington Ave,20256,41.92,-87.67,41.94,-87.65,member
A2546BD9714D1819,electric_bike,11/6/2022 14:32,11/6/2022 14:44,,,N Sheffield Ave & W Wellington Ave,20256,41.9,-87.65,41.94,-87.65,member
DB53B0867119A304,electric_bike,11/4/2022 18:55,11/4/2022 19:04,,,Southport Ave & Waveland Ave,13235,41.98,-87.67,41.94815,-87.66394,member
FC29FD90FB4E322C,electric_bike,11/8/2022 22:51,11/8/2022 23:00,,,St. Clair St & Erie St,13016,41.91,-87.63,41.89434514,-87.62279838,member
2BB9AA8632A44794,electric_bike,11/2/2022 11:06,11/2/2022 11:20,,,St. Clair St & Erie St,13016,41.89,-87.67,41.89434514,-87.62279838,member
DBCBC95D6027D1A2,electric_bike,11/2/2022 15:23,11/2/2022 15:31,,,St. Clair St & Erie St,13016,41.9,-87.63,41.89434514,-87.62279838,member
820877FC7DF95492,electric_bike,11/4/2022 18:02,11/4/2022 18:08,,,Southport Ave & Waveland Ave,13235,41.95,-87.65,41.94815,-87.66394,member
4812FD332D010B4D,electric_bike,11/8/2022 15:06,11/8/2022 15:11,,,University Ave & 57th St,KA1503000071,41.8,-87.6,41.791478,-87.599861,member
059F79B0708EAC85,electric_bike,11/7/2022 8:51,11/7/2022 8:56,,,Southport Ave & Waveland Ave,13235,41.96,-87.67,41.94815,-87.66394,member
2F25EEC50347ACA3,electric_bike,11/5/2022 11:44,11/5/2022 12:03,,,St. Clair St & Erie St,13016,41.9,-87.68,41.89434514,-87.62279838,member
38BC466CD6A1C82C,electric_bike,11/10/2022 22:14,11/10/2022 22:21,,,Broadway & Granville Ave,15571,41.98,-87.67,41.99477969,-87.66028453,member
C72BB22CB364823C,electric_bike,11/6/2022 6:16,11/6/2022 6:31,,,St. Clair St & Erie St,13016,41.87,-87.67,41.89434514,-87.62279838,member
C251CCF076727275,electric_bike,11/5/2022 7:55,11/5/2022 8:22,,,Broadway & Granville Ave,15571,41.91,-87.63,41.99477969,-87.66028453,member
E8951CFC561FF8E8,electric_bike,11/5/2022 19:49,11/5/2022 19:52,,,University Ave & 57th St,KA1503000071,41.79,-87.6,41.791478,-87.599861,member
E68FFB947D1632AA,electric_bike,11/1/2022 16:28,11/1/2022 16:30,,,University Ave & 57th St,KA1503000071,41.79,-87.6,41.791478,-87.599861,member
92E07A51F102B1C0,electric_bike,11/1/2022 15:38,11/1/2022 15:42,,,University Ave & 57th St,KA1503000071,41.79,-87.6,41.791478,-87.599861,member
AED78046B9D899CD,electric_bike,11/2/2022 13:34,11/2/2022 13:41,,,Southport Ave & Waveland Ave,13235,41.95,-87.68,41.94815,-87.66394,member
34A8945E9A2157A4,electric_bike,11/9/2022 22:36,11/9/2022 23:02,,,Clark St & Lunt Ave,KA1504000162,41.96,-87.71,42.00901118,-87.67411172,member
FA5451DB36B8CAC2,electric_bike,11/18/2022 21:30,11/18/2022 21:48,,,St. Clair St & Erie St,13016,41.92,-87.71,41.89434514,-87.62279838,member
7EEA4661CFB96A94,electric_bike,11/7/2022 17:12,11/7/2022 17:15,,,Prairie Ave & 43rd St,KA1503000027,41.82,-87.62,41.81665889,-87.61941246,member
BE1E6D0A562372E0,classic_bike,11/22/2022 15:03,11/22/2022 15:08,Streeter Dr & Grand Ave,13022,St. Clair St & Erie St,13016,41.892278,-87.612043,41.89434514,-87.62279838,member
E1E5ACCB5B68993D,classic_bike,11/9/2022 12:50,11/9/2022 12:56,Streeter Dr & Grand Ave,13022,St. Clair St & Erie St,13016,41.892278,-87.612043,41.89434514,-87.62279838,member
4997E4768B552672,electric_bike,11/19/2022 0:55,11/19/2022 1:06,Western Ave & Grace St,431,Sheridan Rd & Montrose Ave,TA1307000107,41.95,-87.69,41.96167,-87.65464,member
19EC444AAB07F799,electric_bike,11/14/2022 11:49,11/14/2022 11:49,Western Ave & Grace St,431,Western Ave & Grace St,431,41.95,-87.69,41.95,-87.69,member
5BF978947EF57D76,classic_bike,11/23/2022 13:00,11/23/2022 13:27,Clark St & Armitage Ave,13146,Clark St & Armitage Ave,13146,41.918306,-87.636282,41.918306,-87.636282,member
F5567E991AB8E230,classic_bike,11/23/2022 12:22,11/23/2022 12:51,Clark St & Armitage Ave,13146,Clark St & Armitage Ave,13146,41.918306,-87.636282,41.918306,-87.636282,member
E5C43ED90C5E2549,classic_bike,11/21/2022 12:25,11/21/2022 12:25,Clark St & Armitage Ave,13146,Clark St & Armitage Ave,13146,41.918306,-87.636282,41.918306,-87.636282,member
8ABD9F5F60D53DCC,classic_bike,11/11/2022 3:28,11/11/2022 3:28,Halsted St & Roscoe St,TA1309000025,Halsted St & Roscoe St,TA1309000025,41.94367,-87.64895,41.94367,-87.64895,member
0FCD5F059054F601,classic_bike,11/6/2022 13:23,11/6/2022 13:26,Walsh Park,18067,Walsh Park,18067,41.91461,-87.667968,41.91461,-87.667968,member
298F0FE11FF54AA4,classic_bike,11/6/2022 13:21,11/6/2022 13:21,Walsh Park,18067,Walsh Park,18067,41.91461,-87.667968,41.91461,-87.667968,member
B487F44B0AA999E6,electric_bike,11/28/2022 11:28,11/28/2022 11:29,Walsh Park,18067,Walsh Park,18067,41.91456117,-87.66790333,41.91461,-87.667968,member
0AAAFCB2FB13D968,classic_bike,11/1/2022 16:53,11/1/2022 16:57,Walsh Park,18067,Walsh Park,18067,41.91461,-87.667968,41.91461,-87.667968,member
5DA8F51219FE0FB7,classic_bike,11/5/2022 13:38,11/5/2022 13:56,Clark St & Armitage Ave,13146,Sheridan Rd & Montrose Ave,TA1307000107,41.918306,-87.636282,41.96167,-87.65464,member
D468E1F97238FC8D,classic_bike,11/24/2022 9:16,11/24/2022 9:58,Clark St & Armitage Ave,13146,Clark St & Armitage Ave,13146,41.918306,-87.636282,41.918306,-87.636282,member
E6FF79F6ED0348E9,classic_bike,11/23/2022 11:36,11/23/2022 11:47,Clark St & Wellington Ave,TA1307000136,Clark St & Armitage Ave,13146,41.93649682,-87.64753866,41.918306,-87.636282,member
4B7B64B90B691F13,classic_bike,11/21/2022 8:11,11/21/2022 8:11,Clark St & Armitage Ave,13146,Clark St & Armitage Ave,13146,41.918306,-87.636282,41.918306,-87.636282,member
66A9F354AEE89956,classic_bike,11/18/2022 12:57,11/18/2022 13:08,Walsh Park,18067,Walsh Park,18067,41.91461,-87.667968,41.91461,-87.667968,member
F0590BE059CA14E4,classic_bike,11/27/2022 19:00,11/27/2022 19:38,Walsh Park,18067,Walsh Park,18067,41.91461,-87.667968,41.91461,-87.667968,member
6115394B29889158,classic_bike,11/10/2022 20:41,11/10/2022 20:42,Clark St & Armitage Ave,13146,Clark St & Armitage Ave,13146,41.918306,-87.636282,41.918306,-87.636282,member
34C4CA558BE50410,classic_bike,11/10/2022 20:43,11/10/2022 20:55,Clark St & Armitage Ave,13146,Clark St & Armitage Ave,13146,41.918306,-87.636282,41.918306,-87.636282,member
A6E676939B05C287,electric_bike,11/16/2022 16:11,11/16/2022 16:13,Clark St & Wellington Ave,TA1307000136,Clark St & Wellington Ave,TA1307000136,41.93650472,-87.64762676,41.93649682,-87.64753866,member
51484F1F83687E24,electric_bike,11/2/2022 9:48,11/2/2022 9:49,Clark St & Armitage Ave,13146,Clark St & Armitage Ave,13146,41.918283,-87.63636133,41.918306,-87.636282,member
C7190FDA68FB44D5,electric_bike,11/27/2022 17:45,11/27/2022 17:45,Halsted St & Roscoe St,TA1309000025,Halsted St & Roscoe St,TA1309000025,41.94368339,-87.64890707,41.94367,-87.64895,member
3A577264DEC64189,classic_bike,11/1/2022 17:36,11/1/2022 17:36,Clark St & Armitage Ave,13146,Clark St & Armitage Ave,13146,41.918306,-87.636282,41.918306,-87.636282,member
E847D03B464A601A,classic_bike,11/8/2022 15:28,11/8/2022 15:32,LaSalle St & Illinois St,13430,St. Clair St & Erie St,13016,41.890762,-87.631697,41.89434514,-87.62279838,member
3017B1760FEEA3A8,classic_bike,11/11/2022 9:39,11/11/2022 9:46,Field Blvd & South Water St,15534,St. Clair St & Erie St,13016,41.88634906,-87.61751655,41.89434514,-87.62279838,member
FC9CE96C0267EBCC,classic_bike,11/30/2022 13:08,11/30/2022 13:12,Clark St & Wellington Ave,TA1307000136,Halsted St & Roscoe St,TA1309000025,41.93649682,-87.64753866,41.94367,-87.64895,member
1A3EA8DF55AE41E8,classic_bike,11/12/2022 13:18,11/12/2022 13:31,Clark St & Wellington Ave,TA1307000136,Sheridan Rd & Montrose Ave,TA1307000107,41.93649682,-87.64753866,41.96167,-87.65464,member
2E16F4B339D1AF59,classic_bike,11/11/2022 12:34,11/11/2022 12:50,Sheridan Rd & Montrose Ave,TA1307000107,Sheridan Rd & Montrose Ave,TA1307000107,41.96167,-87.65464,41.96167,-87.65464,member
64E7303CF4CDC2F1,classic_bike,11/3/2022 16:14,11/3/2022 16:24,Clark St & Wellington Ave,TA1307000136,Sheridan Rd & Montrose Ave,TA1307000107,41.93649682,-87.64753866,41.96167,-87.65464,member
C8F95DF31C83A905,classic_bike,11/14/2022 12:15,11/14/2022 12:50,Aberdeen St & Jackson Blvd,13157,Aberdeen St & Jackson Blvd,13157,41.87772613,-87.65478743,41.87772613,-87.65478743,member
2ED7FC0C2C248C07,classic_bike,11/10/2022 12:38,11/10/2022 13:07,Aberdeen St & Jackson Blvd,13157,Aberdeen St & Jackson Blvd,13157,41.87772613,-87.65478743,41.87772613,-87.65478743,member
D7AECEF7888C844F,electric_bike,11/22/2022 11:52,11/22/2022 11:53,Western Ave & Grace St,431,Western Ave & Grace St,431,41.95,-87.69,41.95,-87.69,member
A5A650364E7868E1,electric_bike,11/22/2022 11:52,11/22/2022 11:52,Western Ave & Grace St,431,Western Ave & Grace St,431,41.95,-87.69,41.95,-87.69,member
D1789E214069165A,electric_bike,11/6/2022 10:25,11/6/2022 10:25,Manor Ave & Leland Ave,KA1504000127,Manor Ave & Leland Ave,KA1504000127,41.96597242,-87.70076788,41.965875,-87.700825,member
6EBB40A263336AEC,electric_bike,11/28/2022 4:07,11/28/2022 4:13,Sheridan Rd & Montrose Ave,TA1307000107,Halsted St & Roscoe St,TA1309000025,41.96162784,-87.65464723,41.94367,-87.64895,member
76A0D882EB942DB1,electric_bike,11/8/2022 7:24,11/8/2022 7:28,Clark St & Armitage Ave,13146,Clark St & Armitage Ave,13146,41.91829038,-87.63635588,41.918306,-87.636282,member
B06B30017779DF0F,electric_bike,11/7/2022 7:07,11/7/2022 7:08,Aberdeen St & Jackson Blvd,13157,Aberdeen St & Jackson Blvd,13157,41.87778223,-87.65492415,41.87772613,-87.65478743,member
AF3D57B336A56CC9,classic_bike,11/14/2022 6:48,11/14/2022 6:52,Halsted St & Roscoe St,TA1309000025,Clark St & Wellington Ave,TA1307000136,41.94367,-87.64895,41.93649682,-87.64753866,member
2216D1881557AC38,electric_bike,11/14/2022 15:04,11/14/2022 15:06,Halsted St & Roscoe St,TA1309000025,Clark St & Wellington Ave,TA1307000136,41.94367945,-87.64888012,41.93649682,-87.64753866,member
